날짜,고객ID,성별,연령대,상품카테고리,결제금액,반품여부,재구매여부
2024-01-01,C049,남,20대,화장품,115000,N,N
2024-01-01,C062,여,30대,의류,146000,N,Y
2024-01-01,C065,남,30대,가전,135000,N,Y
2024-01-01,C101,남,40대,가전,207000,N,N
2024-01-01,C119,남,40대,의류,61000,N,N
2024-01-01,C131,남,40대,도서,24000,N,N
2024-01-01,C132,여,40대,가전,60000,N,N
2024-01-01,C186,여,50대,식품,15000,N,N
2024-01-02,C066,여,30대,가전,34000,N,N
2024-01-02,C074,여,30대,의류,155000,N,Y
2024-01-02,C076,여,30대,의류,138000,Y,N
2024-01-02,C139,남,40대,의류,77000,N,N
2024-01-02,C162,여,50대,의류,58000,N,N
2024-01-02,C196,여,50대,식품,15000,N,N
2024-01-03,C002,여,20대,식품,43000,N,N
2024-01-03,C012,여,20대,가전,204000,N,N
2024-01-03,C065,남,30대,가전,288000,N,N
2024-01-03,C100,여,30대,의류,31000,N,Y
2024-01-03,C140,여,40대,가전,313000,N,N
2024-01-03,C152,여,50대,식품,33000,N,N
2024-01-04,C026,여,20대,가전,115000,N,N
2024-01-04,C035,남,20대,의류,20000,N,N
2024-01-04,C077,남,30대,화장품,47000,N,N
2024-01-04,C081,남,30대,의류,78000,N,N
2024-01-04,C093,남,30대,식품,35000,N,N
2024-01-04,C117,남,40대,가전,187000,N,N
2024-01-04,C127,남,40대,가전,264000,N,N
2024-01-04,C146,여,40대,의류,,Y,N
2024-01-04,C148,여,40대,가전,308000,N,N
2024-01-04,C151,남,50대,화장품,105000,N,N
2024-01-04,C188,여,50대,식품,26000,N,N
2024-01-05,C014,여,20대,의류,124000,N,N
2024-01-05,C023,남,20대,화장품,110000,Y,N
2024-01-05,C040,여,20대,식품,39000,N,N
2024-01-05,C055,남,30대,가전,182000,N,N
2024-01-05,C097,남,30대,가전,105000,N,N
2024-01-05,C099,남,30대,가전,239000,N,N
2024-01-05,C150,여,40대,도서,22000,N,N
2024-01-06,C034,여,20대,식품,33000,N,N
2024-01-06,C098,여,30대,가전,315000,N,N
2024-01-06,C111,남,40대,화장품,67000,N,N
2024-01-06,C147,남,40대,의류,83000,N,N
2024-01-06,C153,남,50대,화장품,45000,N,N
2024-01-06,C190,여,50대,식품,66000,N,N
2024-01-06,C193,남,50대,도서,16000,N,N
2024-01-06,C199,남,50대,식품,10000,N,N
2024-01-07,C009,남,20대,도서,29000,N,N
2024-01-07,C019,남,20대,가전,336000,N,N
2024-01-07,C087,남,30대,화장품,113000,N,N
2024-01-07,C120,여,40대,가전,84000,N,N
2024-01-07,C164,여,50대,도서,17000,N,N
2024-01-08,C024,여,20대,의류,15000,Y,N
2024-01-08,C047,남,20대,의류,57000,N,N
2024-01-08,C088,여,30대,가전,308000,N,N
2024-01-08,C100,여,30대,의류,84000,Y,N
2024-01-08,C124,여,40대,가전,307000,N,N
2024-01-08,C137,남,40대,화장품,77000,N,N
2024-01-08,C149,남,40대,가전,276000,N,N
2024-01-08,C168,여,50대,의류,100000,N,N
2024-01-08,C187,남,50대,의류,143000,N,Y
2024-01-08,C195,남,50대,식품,22000,N,N
2024-01-09,C013,남,20대,식품,51000,N,N
2024-01-09,C054,여,30대,가전,128000,N,N
2024-01-09,C056,여,30대,화장품,85000,N,N
2024-01-09,C090,여,30대,식품,56000,N,Y
2024-01-09,C109,남,40대,가전,,N,N
2024-01-09,C157,남,50대,도서,10000,N,N
2024-01-09,C158,여,50대,식품,62000,N,N
2024-01-09,C160,여,50대,식품,37000,N,N
2024-01-10,C044,여,20대,가전,184000,N,N
2024-01-10,C100,여,30대,식품,16000,N,N
2024-01-10,C121,남,40대,가전,201000,Y,N
2024-01-10,C123,남,40대,가전,327000,N,N
2024-01-11,C016,여,20대,가전,220000,N,N
2024-01-11,C051,남,30대,가전,92000,N,N
2024-01-11,C144,여,40대,의류,95000,Y,N
2024-01-11,C193,남,50대,의류,125000,N,N
2024-01-12,C039,남,20대,식품,14000,N,N
2024-01-12,C045,남,20대,의류,,N,N
2024-01-12,C057,남,30대,도서,20000,N,N
2024-01-12,C095,남,30대,의류,33000,N,N
2024-01-12,C197,남,50대,의류,178000,N,N
2024-01-13,C024,여,20대,의류,,Y,N
2024-01-13,C047,남,20대,가전,53000,N,N
2024-01-13,C052,여,30대,의류,108000,N,N
2024-01-13,C062,여,30대,식품,58000,N,N
2024-01-13,C067,남,30대,의류,91000,Y,N
2024-01-13,C085,남,30대,도서,9000,N,N
2024-01-13,C094,여,30대,화장품,40000,Y,N
2024-01-13,C135,남,40대,의류,111000,N,N
2024-01-13,C175,남,50대,의류,156000,N,N
2024-01-13,C181,남,50대,식품,23000,N,N
2024-01-13,C185,남,50대,화장품,105000,N,N
2024-01-13,C198,여,50대,도서,22000,N,N
2024-01-14,C031,남,20대,가전,282000,Y,N
2024-01-14,C046,여,20대,의류,163000,N,N
2024-01-14,C049,남,20대,의류,136000,Y,N
2024-01-14,C071,남,30대,식품,5000,N,N
2024-01-14,C116,여,40대,식품,59000,N,N
2024-01-14,C138,여,40대,식품,63000,N,N
2024-01-14,C193,남,50대,의류,148000,N,N
2024-01-15,C035,남,20대,가전,128000,N,N
2024-01-15,C068,여,30대,의류,25000,N,N
2024-01-15,C084,여,30대,화장품,119000,N,N
2024-01-15,C086,여,30대,식품,14000,N,N
2024-01-15,C115,남,40대,의류,164000,Y,N
2024-01-15,C126,여,40대,식품,22000,N,N
2024-01-15,C133,남,40대,의류,103000,N,N
2024-01-15,C142,여,40대,가전,154000,N,N
2024-01-16,C027,남,20대,가전,312000,N,N
2024-01-16,C038,여,20대,도서,10000,N,N
2024-01-16,C048,여,20대,가전,149000,N,N
2024-01-16,C054,여,30대,의류,135000,Y,Y
2024-01-16,C064,여,30대,가전,155000,N,N
2024-01-16,C070,여,30대,의류,153000,N,N
2024-01-16,C115,남,40대,식품,6000,N,N
2024-01-16,C129,남,40대,식품,19000,N,N
2024-01-16,C147,남,40대,의류,83000,N,N
2024-01-16,C177,남,50대,화장품,109000,N,N
2024-01-16,C178,여,50대,화장품,33000,Y,N
2024-01-16,C194,여,50대,화장품,13000,N,N
2024-01-17,C028,여,20대,의류,133000,N,N
2024-01-17,C069,남,30대,의류,40000,Y,N
2024-01-17,C074,여,30대,식품,47000,N,N
2024-01-17,C080,여,30대,식품,63000,N,N
2024-01-17,C111,남,40대,가전,225000,N,N
2024-01-17,C133,남,40대,가전,108000,N,N
2024-01-17,C166,여,50대,의류,169000,N,N
2024-01-17,C191,남,50대,가전,349000,N,N
2024-01-17,C197,남,50대,화장품,99000,N,N
2024-01-17,C200,여,50대,의류,105000,N,N
2024-01-18,C033,남,20대,의류,91000,N,N
2024-01-18,C073,남,30대,의류,159000,N,N
2024-01-18,C089,남,30대,화장품,28000,N,Y
2024-01-18,C101,남,40대,식품,43000,Y,N
2024-01-18,C108,여,40대,식품,44000,N,N
2024-01-18,C120,여,40대,의류,101000,N,Y
2024-01-18,C142,여,40대,식품,66000,N,N
2024-01-18,C158,여,50대,가전,273000,N,N
2024-01-19,C006,여,20대,화장품,81000,N,N
2024-01-19,C037,남,20대,의류,71000,Y,N
2024-01-19,C061,남,30대,가전,,N,N
2024-01-19,C066,여,30대,식품,7000,N,N
2024-01-19,C132,여,40대,화장품,74000,N,N
2024-01-19,C134,여,40대,가전,98000,Y,N
2024-01-19,C154,여,50대,가전,43000,Y,N
2024-01-20,C044,여,20대,가전,229000,N,N
2024-01-20,C058,여,30대,화장품,75000,N,N
2024-01-20,C091,남,30대,의류,63000,Y,N
2024-01-20,C117,남,40대,화장품,76000,N,N
2024-01-20,C153,남,50대,식품,,Y,N
2024-01-20,C176,여,50대,가전,45000,Y,N
2024-01-20,C181,남,50대,가전,111000,N,Y
2024-01-21,C001,남,20대,의류,155000,Y,N
2024-01-21,C005,남,20대,화장품,94000,Y,N
2024-01-21,C036,여,20대,가전,345000,N,N
2024-01-21,C046,여,20대,가전,,N,Y
2024-01-21,C068,여,30대,가전,248000,N,Y
2024-01-21,C118,여,40대,의류,39000,N,N
2024-01-21,C122,여,40대,가전,237000,Y,N
2024-01-21,C156,여,50대,의류,52000,N,N
2024-01-21,C176,여,50대,화장품,52000,Y,Y
2024-01-21,C187,남,50대,가전,179000,Y,N
2024-01-21,C194,여,50대,식품,41000,N,N
2024-01-22,C010,여,20대,식품,62000,N,N
2024-01-22,C014,여,20대,화장품,32000,N,Y
2024-01-22,C056,여,30대,의류,116000,N,N
2024-01-22,C070,여,30대,화장품,19000,N,N
2024-01-22,C112,여,40대,가전,195000,N,N
2024-01-22,C142,여,40대,식품,21000,N,N
2024-01-22,C167,남,50대,가전,263000,N,N
2024-01-22,C172,여,50대,의류,115000,N,N
2024-01-22,C189,남,50대,가전,107000,N,N
2024-01-23,C017,남,20대,가전,225000,N,N
2024-01-23,C028,여,20대,식품,47000,Y,N
2024-01-23,C029,남,20대,가전,251000,N,N
2024-01-23,C050,여,20대,가전,146000,N,N
2024-01-23,C051,남,30대,화장품,103000,Y,N
2024-01-23,C082,여,30대,가전,101000,N,N
2024-01-23,C102,여,40대,도서,11000,N,N
2024-01-23,C110,여,40대,식품,65000,N,N
2024-01-23,C113,남,40대,화장품,47000,N,N
2024-01-23,C129,남,40대,화장품,97000,N,Y
2024-01-23,C143,남,40대,의류,75000,Y,N
2024-01-23,C167,남,50대,화장품,20000,N,N
2024-01-23,C177,남,50대,의류,71000,Y,N
2024-01-23,C182,여,50대,의류,102000,Y,N
2024-01-24,C014,여,20대,가전,166000,N,Y
2024-01-24,C021,남,20대,식품,18000,N,N
2024-01-24,C041,남,20대,가전,299000,Y,N
2024-01-24,C137,남,40대,가전,334000,N,Y
2024-01-24,C138,여,40대,식품,50000,N,Y
2024-01-24,C165,남,50대,식품,70000,N,N
2024-01-25,C002,여,20대,화장품,74000,N,N
2024-01-25,C021,남,20대,가전,200000,Y,N
2024-01-25,C030,여,20대,도서,32000,N,N
2024-01-25,C092,여,30대,도서,18000,N,N
2024-01-25,C128,여,40대,가전,212000,N,N
2024-01-25,C171,남,50대,가전,235000,N,N
2024-01-25,C192,여,50대,가전,318000,N,N
2024-01-26,C020,여,20대,화장품,36000,N,Y
2024-01-26,C055,남,30대,의류,44000,Y,N
2024-01-26,C064,여,30대,화장품,12000,N,Y
2024-01-26,C084,여,30대,의류,70000,N,Y
2024-01-26,C089,남,30대,도서,22000,N,N
2024-01-26,C108,여,40대,도서,27000,N,Y
2024-01-26,C112,여,40대,가전,101000,N,N
2024-01-26,C118,여,40대,가전,38000,Y,N
2024-01-26,C178,여,50대,화장품,89000,N,Y
2024-01-26,C183,남,50대,식품,31000,N,N
2024-01-26,C185,남,50대,가전,222000,N,Y
2024-01-27,C022,여,20대,의류,50000,N,N
2024-01-27,C043,남,20대,화장품,42000,N,N
2024-01-27,C067,남,30대,의류,,N,N
2024-01-27,C090,여,30대,의류,80000,Y,N
2024-01-27,C105,남,40대,가전,172000,N,N
2024-01-27,C159,남,50대,식품,68000,N,N
2024-01-27,C186,여,50대,식품,36000,N,Y
2024-01-28,C008,여,20대,식품,59000,N,N
2024-01-28,C059,남,30대,가전,115000,N,N
2024-01-28,C156,여,50대,가전,229000,N,N
2024-01-29,C003,남,20대,식품,67000,N,N
2024-01-29,C007,남,20대,도서,17000,N,N
2024-01-29,C020,여,20대,화장품,65000,Y,N
2024-01-29,C032,여,20대,의류,46000,N,N
2024-01-29,C061,남,30대,화장품,24000,Y,N
2024-01-29,C077,남,30대,가전,260000,N,N
2024-01-29,C079,남,30대,가전,104000,Y,N
2024-01-29,C082,여,30대,의류,177000,N,Y
2024-01-29,C169,남,50대,화장품,90000,N,N
2024-01-29,C173,남,50대,화장품,32000,N,N
2024-01-29,C184,여,50대,가전,86000,N,N
2024-01-30,C004,여,20대,의류,153000,N,N
2024-01-30,C005,남,20대,화장품,103000,N,N
2024-01-30,C018,여,20대,가전,109000,N,N
2024-01-30,C039,남,20대,도서,9000,N,N
2024-01-30,C090,여,30대,의류,67000,Y,Y
2024-01-30,C096,여,30대,가전,272000,N,N
2024-01-30,C103,남,40대,가전,102000,N,N
2024-01-30,C106,여,40대,의류,62000,Y,N
2024-01-30,C111,남,40대,가전,301000,N,N
2024-01-30,C113,남,40대,의류,179000,N,N
2024-01-30,C119,남,40대,의류,136000,Y,N
2024-01-30,C125,남,40대,의류,118000,N,N
2024-01-30,C130,여,40대,가전,190000,N,N
2024-01-30,C180,여,50대,가전,238000,N,N
2024-01-30,C189,남,50대,도서,11000,N,N
2024-01-31,C022,여,20대,식품,57000,N,N
2024-01-31,C087,남,30대,식품,7000,N,Y
2024-01-31,C104,여,40대,도서,31000,N,N
2024-01-31,C131,남,40대,도서,31000,N,N
2024-02-01,C010,여,20대,화장품,53000,N,N
2024-02-01,C019,남,20대,의류,,N,N
2024-02-01,C026,여,20대,의류,51000,N,N
2024-02-01,C036,여,20대,식품,44000,N,N
2024-02-01,C046,여,20대,가전,133000,N,N
2024-02-01,C084,여,30대,식품,10000,N,Y
2024-02-01,C087,남,30대,가전,115000,N,N
2024-02-01,C097,남,30대,가전,346000,N,N
2024-02-01,C113,남,40대,식품,53000,N,Y
2024-02-01,C122,여,40대,화장품,90000,N,Y
2024-02-01,C122,여,40대,의류,30000,N,N
2024-02-01,C137,남,40대,가전,105000,Y,Y
2024-02-01,C199,남,50대,의류,123000,N,Y
2024-02-02,C009,남,20대,의류,148000,N,Y
2024-02-02,C030,여,20대,화장품,60000,N,Y
2024-02-02,C039,남,20대,의류,133000,N,Y
2024-02-02,C056,여,30대,식품,64000,N,N
2024-02-02,C101,남,40대,식품,42000,N,N
2024-02-02,C131,남,40대,화장품,92000,N,N
2024-02-02,C150,여,40대,가전,342000,N,Y
2024-02-02,C151,남,50대,화장품,93000,Y,Y
2024-02-02,C172,여,50대,의류,48000,N,N
2024-02-02,C186,여,50대,식품,25000,N,N
2024-02-02,C195,남,50대,의류,164000,Y,N
2024-02-02,C195,남,50대,화장품,34000,N,Y
2024-02-03,C004,여,20대,가전,167000,N,N
2024-02-03,C022,여,20대,식품,45000,N,Y
2024-02-03,C045,남,20대,가전,82000,N,N
2024-02-03,C080,여,30대,식품,41000,N,Y
2024-02-03,C090,여,30대,화장품,45000,Y,Y
2024-02-03,C106,여,40대,가전,264000,N,Y
2024-02-03,C107,남,40대,의류,33000,Y,N
2024-02-03,C158,여,50대,가전,142000,N,N
2024-02-03,C188,여,50대,가전,83000,N,Y
2024-02-04,C038,여,20대,가전,77000,N,N
2024-02-04,C069,남,30대,화장품,26000,Y,N
2024-02-04,C081,남,30대,의류,87000,N,N
2024-02-04,C100,여,30대,도서,26000,N,N
2024-02-04,C116,여,40대,의류,,N,Y
2024-02-04,C143,남,40대,화장품,51000,N,N
2024-02-04,C168,여,50대,가전,100000,N,N
2024-02-04,C193,남,50대,식품,33000,N,N
2024-02-04,C194,여,50대,가전,228000,N,N
2024-02-05,C032,여,20대,가전,322000,Y,Y
2024-02-05,C041,남,20대,의류,38000,Y,Y
2024-02-05,C100,여,30대,가전,131000,Y,Y
2024-02-05,C169,남,50대,가전,338000,N,N
2024-02-05,C180,여,50대,의류,20000,Y,Y
2024-02-05,C181,남,50대,화장품,14000,N,N
2024-02-05,C200,여,50대,식품,69000,N,N
2024-02-06,C029,남,20대,가전,268000,N,Y
2024-02-06,C040,여,20대,의류,176000,N,N
2024-02-06,C060,여,30대,화장품,90000,N,N
2024-02-06,C130,여,40대,가전,203000,N,Y
2024-02-06,C159,남,50대,식품,10000,N,N
2024-02-06,C166,여,50대,의류,177000,N,N
2024-02-06,C168,여,50대,의류,78000,N,Y
2024-02-06,C170,여,50대,의류,177000,N,N
2024-02-06,C171,남,50대,식품,14000,Y,Y
2024-02-06,C171,남,50대,가전,288000,N,N
2024-02-06,C174,여,50대,의류,125000,Y,N
2024-02-06,C177,남,50대,도서,20000,N,N
2024-02-06,C182,여,50대,도서,12000,N,Y
2024-02-07,C007,남,20대,식품,14000,N,N
2024-02-07,C025,남,20대,의류,148000,Y,Y
2024-02-07,C040,여,20대,가전,76000,N,N
2024-02-07,C089,남,30대,식품,12000,Y,Y
2024-02-07,C097,남,30대,가전,276000,Y,N
2024-02-07,C113,남,40대,도서,22000,N,N
2024-02-07,C120,여,40대,화장품,12000,N,Y
2024-02-07,C125,남,40대,식품,55000,Y,Y
2024-02-07,C129,남,40대,도서,21000,N,Y
2024-02-07,C142,여,40대,의류,21000,N,N
2024-02-07,C148,여,40대,가전,119000,N,Y
2024-02-07,C153,남,50대,가전,296000,N,Y
2024-02-08,C004,여,20대,가전,294000,N,Y
2024-02-08,C018,여,20대,화장품,95000,Y,N
2024-02-08,C036,여,20대,화장품,100000,N,N
2024-02-08,C043,남,20대,화장품,53000,N,Y
2024-02-08,C063,남,30대,가전,110000,N,N
2024-02-08,C085,남,30대,식품,61000,N,N
2024-02-08,C098,여,30대,도서,15000,N,Y
2024-02-08,C117,남,40대,화장품,36000,N,N
2024-02-08,C126,여,40대,가전,,N,Y
2024-02-08,C141,남,40대,도서,11000,Y,N
2024-02-08,C145,남,40대,의류,100000,N,N
2024-02-08,C154,여,50대,식품,50000,N,N
2024-02-08,C178,여,50대,식품,8000,N,N
2024-02-09,C002,여,20대,가전,64000,Y,N
2024-02-09,C031,남,20대,화장품,96000,N,N
2024-02-09,C041,남,20대,가전,46000,Y,N
2024-02-09,C072,여,30대,가전,83000,N,N
2024-02-09,C082,여,30대,식품,60000,N,Y
2024-02-09,C087,남,30대,의류,47000,N,Y
2024-02-09,C093,남,30대,도서,32000,N,N
2024-02-09,C107,남,40대,도서,11000,N,N
2024-02-09,C121,남,40대,가전,255000,N,N
2024-02-09,C147,남,40대,화장품,52000,Y,N
2024-02-09,C148,여,40대,의류,52000,N,N
2024-02-09,C175,남,50대,가전,347000,N,N
2024-02-10,C009,남,20대,가전,123000,N,N
2024-02-10,C012,여,20대,가전,100000,Y,Y
2024-02-10,C098,여,30대,화장품,93000,N,Y
2024-02-10,C115,남,40대,가전,342000,N,N
2024-02-10,C118,여,40대,식품,32000,N,N
2024-02-10,C137,남,40대,화장품,100000,N,N
2024-02-10,C154,여,50대,화장품,68000,N,Y
2024-02-10,C160,여,50대,의류,168000,N,N
2024-02-10,C161,남,50대,식품,48000,N,N
2024-02-10,C163,남,50대,식품,48000,N,N
2024-02-10,C178,여,50대,가전,201000,Y,N
2024-02-10,C181,남,50대,도서,27000,N,N
2024-02-11,C017,남,20대,화장품,72000,Y,N
2024-02-11,C018,여,20대,가전,342000,Y,Y
2024-02-11,C086,여,30대,의류,89000,N,Y
2024-02-11,C090,여,30대,화장품,108000,N,Y
2024-02-11,C153,남,50대,식품,42000,N,N
2024-02-11,C189,남,50대,식품,34000,Y,N
2024-02-12,C002,여,20대,가전,334000,N,Y
2024-02-12,C020,여,20대,가전,115000,N,Y
2024-02-12,C053,남,30대,가전,276000,Y,N
2024-02-12,C089,남,30대,화장품,75000,N,Y
2024-02-12,C115,남,40대,의류,32000,N,Y
2024-02-12,C124,여,40대,의류,133000,Y,N
2024-02-12,C125,남,40대,식품,21000,N,Y
2024-02-12,C128,여,40대,가전,309000,N,N
2024-02-12,C144,여,40대,화장품,37000,N,N
2024-02-13,C003,남,20대,화장품,62000,Y,N
2024-02-13,C033,남,20대,화장품,46000,N,N
2024-02-13,C062,여,30대,도서,15000,N,Y
2024-02-13,C079,남,30대,의류,,N,N
2024-02-13,C102,여,40대,화장품,25000,N,Y
2024-02-13,C111,남,40대,화장품,54000,N,N
2024-02-13,C114,여,40대,의류,55000,N,N
2024-02-13,C162,여,50대,의류,58000,Y,N
2024-02-13,C170,여,50대,식품,46000,N,N
2024-02-14,C001,남,20대,의류,163000,Y,Y
2024-02-14,C014,여,20대,의류,65000,Y,Y
2024-02-14,C020,여,20대,식품,33000,N,Y
2024-02-14,C050,여,20대,가전,208000,N,N
2024-02-14,C061,남,30대,의류,74000,N,Y
2024-02-14,C089,남,30대,가전,276000,N,N
2024-02-14,C134,여,40대,화장품,76000,N,N
2024-02-14,C144,여,40대,의류,153000,N,Y
2024-02-14,C160,여,50대,가전,185000,Y,Y
2024-02-14,C184,여,50대,식품,42000,Y,N
2024-02-15,C028,여,20대,가전,165000,N,Y
2024-02-15,C053,남,30대,가전,310000,N,N
2024-02-15,C054,여,30대,의류,147000,N,N
2024-02-15,C058,여,30대,식품,7000,N,Y
2024-02-15,C067,남,30대,의류,63000,N,N
2024-02-15,C092,여,30대,의류,88000,Y,N
2024-02-15,C120,여,40대,식품,30000,N,Y
2024-02-15,C140,여,40대,가전,308000,N,Y
2024-02-15,C144,여,40대,가전,,Y,Y
2024-02-15,C197,남,50대,가전,304000,N,N
2024-02-16,C033,남,20대,식품,27000,N,N
2024-02-16,C047,남,20대,도서,10000,N,N
2024-02-16,C069,남,30대,식품,51000,N,N
2024-02-16,C086,여,30대,가전,124000,N,Y
2024-02-16,C143,남,40대,가전,200000,N,N
2024-02-16,C149,남,40대,식품,32000,N,N
2024-02-16,C156,여,50대,가전,164000,N,N
2024-02-16,C170,여,50대,가전,319000,N,Y
2024-02-16,C173,남,50대,가전,211000,N,Y
2024-02-17,C001,남,20대,의류,38000,N,Y
2024-02-17,C019,남,20대,식품,34000,N,N
2024-02-17,C025,남,20대,도서,18000,N,N
2024-02-17,C054,여,30대,식품,42000,N,Y
2024-02-17,C061,남,30대,도서,25000,N,N
2024-02-17,C114,여,40대,의류,67000,N,Y
2024-02-17,C121,남,40대,의류,102000,N,N
2024-02-17,C127,남,40대,가전,253000,N,N
2024-02-17,C151,남,50대,식품,24000,N,N
2024-02-17,C155,남,50대,의류,115000,N,N
2024-02-17,C158,여,50대,식품,,N,Y
2024-02-17,C196,여,50대,화장품,71000,N,N
2024-02-18,C024,여,20대,가전,133000,N,Y
2024-02-18,C043,남,20대,화장품,87000,N,N
2024-02-18,C052,여,30대,도서,16000,N,Y
2024-02-18,C065,남,30대,화장품,61000,N,Y
2024-02-18,C116,여,40대,의류,166000,N,N
2024-02-18,C145,남,40대,식품,39000,N,N
2024-02-18,C165,남,50대,의류,49000,Y,Y
2024-02-19,C055,남,30대,식품,40000,N,N
2024-02-19,C060,여,30대,의류,,N,N
2024-02-19,C064,여,30대,의류,158000,N,Y
2024-02-19,C078,여,30대,가전,44000,Y,N
2024-02-19,C125,남,40대,가전,162000,N,Y
2024-02-19,C132,여,40대,식품,53000,N,Y
2024-02-19,C133,남,40대,의류,166000,N,N
2024-02-20,C010,여,20대,의류,92000,Y,Y
2024-02-20,C023,남,20대,가전,55000,N,N
2024-02-20,C093,남,30대,식품,55000,N,N
2024-02-20,C109,남,40대,가전,190000,N,Y
2024-02-20,C112,여,40대,식품,67000,N,Y
2024-02-20,C124,여,40대,가전,83000,N,Y
2024-02-20,C131,남,40대,식품,27000,N,Y
2024-02-20,C176,여,50대,가전,249000,N,N
2024-02-20,C182,여,50대,화장품,48000,Y,Y
2024-02-20,C192,여,50대,가전,158000,N,Y
2024-02-20,C198,여,50대,가전,,N,Y
2024-02-21,C021,남,20대,식품,48000,N,N
2024-02-21,C029,남,20대,식품,56000,N,N
2024-02-21,C031,남,20대,의류,110000,Y,Y
2024-02-21,C034,여,20대,의류,51000,N,N
2024-02-21,C044,여,20대,화장품,113000,N,N
2024-02-21,C049,남,20대,의류,91000,Y,N
2024-02-21,C052,여,30대,도서,31000,N,Y
2024-02-21,C056,여,30대,가전,82000,N,Y
2024-02-21,C070,여,30대,의류,179000,Y,Y
2024-02-21,C070,여,30대,가전,213000,N,N
2024-02-21,C076,여,30대,도서,19000,N,Y
2024-02-21,C083,남,30대,의류,71000,Y,N
2024-02-21,C103,남,40대,의류,146000,N,Y
2024-02-21,C104,여,40대,의류,61000,N,N
2024-02-21,C135,남,40대,화장품,79000,N,Y
2024-02-22,C007,남,20대,의류,34000,Y,Y
2024-02-22,C011,남,20대,도서,,N,N
2024-02-22,C021,남,20대,화장품,76000,N,Y
2024-02-22,C038,여,20대,가전,126000,N,Y
2024-02-22,C051,남,30대,의류,136000,N,Y
2024-02-22,C068,여,30대,가전,218000,N,N
2024-02-22,C075,남,30대,의류,128000,N,N
2024-02-22,C091,남,30대,식품,14000,N,Y
2024-02-22,C127,남,40대,화장품,65000,N,Y
2024-02-22,C185,남,50대,의류,36000,N,N
2024-02-22,C199,남,50대,식품,33000,N,Y
2024-02-23,C035,남,20대,식품,53000,N,Y
2024-02-23,C037,남,20대,화장품,86000,N,N
2024-02-23,C046,여,20대,가전,32000,N,Y
2024-02-23,C048,여,20대,도서,28000,N,N
2024-02-23,C049,남,20대,가전,242000,Y,Y
2024-02-23,C051,남,30대,화장품,57000,N,Y
2024-02-23,C066,여,30대,의류,170000,N,Y
2024-02-23,C096,여,30대,의류,39000,Y,Y
2024-02-23,C128,여,40대,가전,236000,N,Y
2024-02-23,C146,여,40대,의류,176000,Y,Y
2024-02-23,C156,여,50대,식품,57000,N,N
2024-02-23,C183,남,50대,가전,262000,N,N
2024-02-23,C193,남,50대,의류,169000,N,N
2024-02-24,C006,여,20대,화장품,70000,N,N
2024-02-24,C026,여,20대,의류,170000,N,Y
2024-02-24,C057,남,30대,식품,9000,N,Y
2024-02-24,C108,여,40대,화장품,59000,N,N
2024-02-24,C112,여,40대,가전,101000,N,Y
2024-02-24,C129,남,40대,의류,53000,Y,N
2024-02-24,C131,남,40대,가전,220000,N,N
2024-02-24,C138,여,40대,화장품,17000,N,N
2024-02-24,C140,여,40대,의류,128000,Y,Y
2024-02-24,C150,여,40대,도서,26000,N,N
2024-02-24,C152,여,50대,식품,20000,N,Y
2024-02-24,C168,여,50대,식품,26000,N,N
2024-02-25,C016,여,20대,식품,20000,N,Y
2024-02-25,C069,남,30대,의류,84000,N,Y
2024-02-25,C070,여,30대,가전,101000,N,N
2024-02-25,C072,여,30대,가전,227000,N,N
2024-02-25,C074,여,30대,의류,118000,N,N
2024-02-25,C077,남,30대,화장품,83000,N,N
2024-02-25,C094,여,30대,가전,327000,N,Y
2024-02-25,C106,여,40대,화장품,22000,N,Y
2024-02-25,C110,여,40대,가전,199000,N,N
2024-02-25,C111,남,40대,의류,112000,N,Y
2024-02-25,C191,남,50대,의류,46000,N,N
2024-02-26,C005,남,20대,가전,75000,N,N
2024-02-26,C014,여,20대,가전,145000,N,Y
2024-02-26,C016,여,20대,화장품,76000,Y,Y
2024-02-26,C073,남,30대,도서,29000,N,N
2024-02-26,C077,남,30대,도서,32000,N,Y
2024-02-26,C087,남,30대,화장품,70000,N,N
2024-02-26,C094,여,30대,의류,60000,N,N
2024-02-26,C102,여,40대,화장품,,N,Y
2024-02-26,C119,남,40대,의류,140000,N,N
2024-02-26,C123,남,40대,도서,9000,N,N
2024-02-26,C129,남,40대,가전,138000,N,N
2024-02-26,C177,남,50대,의류,168000,Y,N
2024-02-26,C179,남,50대,도서,19000,N,N
2024-02-27,C006,여,20대,도서,24000,N,Y
2024-02-27,C015,남,20대,가전,270000,Y,N
2024-02-27,C027,남,20대,의류,90000,Y,Y
2024-02-27,C039,남,20대,의류,45000,N,Y
2024-02-27,C064,여,30대,가전,305000,N,N
2024-02-27,C078,여,30대,가전,103000,Y,N
2024-02-27,C130,여,40대,가전,210000,N,N
2024-02-27,C135,남,40대,의류,109000,N,N
2024-02-27,C138,여,40대,가전,53000,N,Y
2024-02-27,C177,남,50대,가전,150000,N,Y
2024-02-27,C183,남,50대,가전,80000,N,N
2024-02-27,C187,남,50대,의류,75000,N,N
2024-02-28,C023,남,20대,가전,194000,N,N
2024-02-28,C046,여,20대,가전,309000,N,Y
2024-02-28,C095,남,30대,가전,241000,N,N
2024-02-28,C105,남,40대,가전,44000,N,N
2024-02-28,C110,여,40대,가전,297000,N,Y
2024-02-28,C138,여,40대,화장품,83000,N,Y
2024-02-28,C157,남,50대,의류,130000,N,N
2024-02-28,C172,여,50대,식품,41000,N,N
2024-02-28,C173,남,50대,식품,48000,N,N
2024-02-29,C013,남,20대,가전,43000,N,N
2024-02-29,C028,여,20대,가전,296000,N,Y
2024-02-29,C029,남,20대,가전,240000,N,N
2024-02-29,C042,여,20대,도서,9000,N,N
2024-02-29,C047,남,20대,식품,35000,N,N
2024-02-29,C086,여,30대,의류,138000,N,Y
2024-02-29,C088,여,30대,가전,323000,N,Y
2024-02-29,C119,남,40대,의류,118000,N,N
2024-02-29,C126,여,40대,화장품,55000,N,Y
2024-02-29,C190,여,50대,가전,54000,Y,N
2024-03-01,C027,남,20대,화장품,23000,N,N
2024-03-01,C110,여,40대,식품,13000,N,Y
2024-03-01,C144,여,40대,도서,19000,N,N
2024-03-01,C165,남,50대,가전,141000,N,Y
2024-03-01,C166,여,50대,도서,32000,N,Y
2024-03-01,C188,여,50대,의류,65000,N,Y
2024-03-01,C196,여,50대,도서,,N,Y
2024-03-02,C017,남,20대,가전,63000,N,N
2024-03-02,C033,남,20대,화장품,,N,N
2024-03-02,C038,여,20대,도서,,N,N
2024-03-02,C049,남,20대,가전,124000,N,Y
2024-03-02,C050,여,20대,가전,138000,N,N
2024-03-02,C054,여,30대,화장품,16000,N,Y
2024-03-02,C086,여,30대,식품,29000,N,Y
2024-03-02,C159,남,50대,의류,136000,N,Y
2024-03-02,C183,남,50대,화장품,48000,Y,N
2024-03-02,C186,여,50대,가전,,N,Y
2024-03-03,C018,여,20대,화장품,21000,N,Y
2024-03-03,C071,남,30대,화장품,71000,N,Y
2024-03-03,C102,여,40대,가전,176000,N,Y
2024-03-03,C115,남,40대,화장품,119000,Y,N
2024-03-03,C132,여,40대,의류,136000,N,Y
2024-03-03,C156,여,50대,식품,36000,N,Y
2024-03-03,C164,여,50대,의류,55000,N,Y
2024-03-04,C002,여,20대,가전,144000,N,Y
2024-03-04,C003,남,20대,도서,28000,Y,N
2024-03-04,C011,남,20대,화장품,69000,N,N
2024-03-04,C041,남,20대,가전,54000,N,N
2024-03-04,C065,남,30대,가전,143000,N,Y
2024-03-04,C085,남,30대,의류,161000,N,Y
2024-03-04,C118,여,40대,가전,244000,N,Y
2024-03-04,C121,남,40대,가전,122000,N,Y
2024-03-04,C122,여,40대,가전,334000,N,N
2024-03-04,C129,남,40대,화장품,110000,N,Y
2024-03-04,C153,남,50대,화장품,106000,N,N
2024-03-04,C155,남,50대,가전,77000,N,Y
2024-03-04,C176,여,50대,의류,164000,N,Y
2024-03-05,C001,남,20대,가전,329000,N,N
2024-03-05,C022,여,20대,화장품,73000,N,Y
2024-03-05,C028,여,20대,도서,32000,N,N
2024-03-05,C039,남,20대,의류,165000,N,N
2024-03-05,C055,남,30대,가전,,N,N
2024-03-05,C065,남,30대,도서,10000,N,Y
2024-03-05,C086,여,30대,가전,106000,N,N
2024-03-05,C107,남,40대,의류,,N,N
2024-03-05,C108,여,40대,가전,,N,N
2024-03-05,C139,남,40대,의류,153000,N,N
2024-03-05,C167,남,50대,화장품,67000,N,N
2024-03-05,C173,남,50대,가전,343000,N,N
2024-03-05,C181,남,50대,의류,142000,Y,N
2024-03-05,C191,남,50대,식품,49000,N,N
2024-03-06,C003,남,20대,의류,172000,Y,Y
2024-03-06,C020,여,20대,가전,65000,Y,Y
2024-03-06,C043,남,20대,가전,348000,N,N
2024-03-06,C055,남,30대,가전,345000,N,N
2024-03-06,C066,여,30대,가전,95000,Y,N
2024-03-06,C073,남,30대,식품,37000,N,N
2024-03-06,C084,여,30대,의류,141000,Y,N
2024-03-06,C097,남,30대,식품,18000,N,N
2024-03-06,C098,여,30대,가전,261000,N,Y
2024-03-06,C107,남,40대,가전,54000,N,N
2024-03-06,C116,여,40대,식품,36000,N,N
2024-03-06,C125,남,40대,의류,34000,N,Y
2024-03-06,C137,남,40대,의류,116000,Y,Y
2024-03-06,C162,여,50대,의류,143000,N,N
2024-03-07,C010,여,20대,의류,16000,Y,N
2024-03-07,C045,남,20대,도서,24000,N,N
2024-03-07,C048,여,20대,의류,47000,N,Y
2024-03-07,C184,여,50대,가전,272000,N,Y
2024-03-07,C194,여,50대,화장품,74000,N,Y
2024-03-07,C197,남,50대,가전,147000,N,N
2024-03-08,C079,남,30대,가전,50000,N,N
2024-03-08,C103,남,40대,화장품,18000,N,N
2024-03-08,C130,여,40대,식품,7000,N,Y
2024-03-08,C163,남,50대,가전,,N,Y
2024-03-08,C179,남,50대,의류,163000,N,N
2024-03-09,C019,남,20대,의류,68000,N,N
2024-03-09,C042,여,20대,가전,49000,N,Y
2024-03-09,C071,남,30대,의류,131000,N,N
2024-03-09,C074,여,30대,가전,36000,Y,N
2024-03-09,C076,여,30대,가전,63000,N,Y
2024-03-09,C117,남,40대,식품,43000,N,N
2024-03-09,C124,여,40대,식품,8000,N,Y
2024-03-09,C149,남,40대,가전,290000,N,Y
2024-03-09,C187,남,50대,화장품,70000,N,N
2024-03-09,C189,남,50대,의류,52000,N,Y
2024-03-09,C197,남,50대,도서,20000,N,Y
2024-03-10,C002,여,20대,가전,212000,Y,Y
2024-03-10,C009,남,20대,가전,150000,N,N
2024-03-10,C033,남,20대,의류,27000,Y,N
2024-03-10,C051,남,30대,가전,89000,N,N
2024-03-10,C051,남,30대,의류,34000,Y,N
2024-03-10,C052,여,30대,가전,72000,N,Y
2024-03-10,C127,남,40대,식품,63000,N,N
2024-03-10,C136,여,40대,화장품,111000,Y,N
2024-03-10,C138,여,40대,가전,,N,Y
2024-03-10,C171,남,50대,식품,21000,N,Y
2024-03-11,C017,남,20대,화장품,54000,N,N
2024-03-11,C028,여,20대,도서,16000,N,N
2024-03-11,C031,남,20대,식품,14000,N,N
2024-03-11,C034,여,20대,의류,163000,N,N
2024-03-11,C036,여,20대,화장품,65000,Y,N
2024-03-11,C037,남,20대,가전,211000,N,N
2024-03-11,C053,남,30대,가전,45000,N,Y
2024-03-11,C056,여,30대,식품,56000,N,Y
2024-03-11,C062,여,30대,가전,229000,N,Y
2024-03-11,C072,여,30대,가전,185000,N,Y
2024-03-11,C087,남,30대,식품,9000,N,Y
2024-03-11,C114,여,40대,가전,31000,N,Y
2024-03-11,C128,여,40대,의류,132000,N,Y
2024-03-11,C141,남,40대,화장품,13000,Y,N
2024-03-11,C142,여,40대,의류,123000,N,Y
2024-03-11,C146,여,40대,가전,120000,N,N
2024-03-11,C148,여,40대,가전,76000,N,Y
2024-03-11,C160,여,50대,의류,76000,N,N
2024-03-11,C171,남,50대,화장품,119000,N,N
2024-03-12,C004,여,20대,가전,45000,N,Y
2024-03-12,C010,여,20대,의류,103000,N,Y
2024-03-12,C019,남,20대,의류,97000,Y,Y
2024-03-12,C030,여,20대,가전,87000,N,N
2024-03-12,C040,여,20대,화장품,,N,Y
2024-03-12,C047,남,20대,화장품,11000,N,Y
2024-03-12,C056,여,30대,식품,52000,N,Y
2024-03-12,C101,남,40대,화장품,98000,N,N
2024-03-12,C114,여,40대,가전,283000,N,N
2024-03-12,C165,남,50대,가전,88000,N,N
2024-03-12,C186,여,50대,의류,98000,N,N
2024-03-13,C001,남,20대,의류,73000,Y,N
2024-03-13,C002,여,20대,도서,24000,N,Y
2024-03-13,C062,여,30대,가전,200000,N,Y
2024-03-13,C124,여,40대,식품,50000,N,Y
2024-03-13,C125,남,40대,의류,80000,N,Y
2024-03-13,C140,여,40대,화장품,17000,Y,Y
2024-03-13,C174,여,50대,가전,30000,Y,Y
2024-03-13,C175,남,50대,의류,125000,Y,Y
2024-03-13,C183,남,50대,의류,,N,N
2024-03-14,C013,남,20대,화장품,51000,Y,N
2024-03-14,C023,남,20대,가전,55000,N,Y
2024-03-14,C042,여,20대,의류,25000,N,Y
2024-03-14,C060,여,30대,식품,66000,N,Y
2024-03-14,C083,남,30대,가전,122000,N,N
2024-03-14,C089,남,30대,화장품,116000,N,Y
2024-03-14,C096,여,30대,의류,35000,N,Y
2024-03-14,C109,남,40대,의류,55000,N,Y
2024-03-14,C110,여,40대,의류,169000,Y,N
2024-03-14,C118,여,40대,의류,71000,N,N
2024-03-14,C133,남,40대,의류,151000,N,N
2024-03-14,C157,남,50대,화장품,83000,Y,N
2024-03-14,C184,여,50대,가전,132000,N,N
2024-03-15,C018,여,20대,의류,50000,N,N
2024-03-15,C057,남,30대,의류,173000,N,N
2024-03-15,C062,여,30대,도서,8000,N,Y
2024-03-15,C126,여,40대,화장품,112000,N,Y
2024-03-15,C151,남,50대,의류,17000,Y,N
2024-03-15,C164,여,50대,가전,,Y,N
2024-03-15,C167,남,50대,식품,7000,N,N
2024-03-15,C172,여,50대,가전,113000,N,N
2024-03-15,C198,여,50대,화장품,24000,N,N
2024-03-16,C008,여,20대,가전,77000,N,N
2024-03-16,C027,남,20대,가전,300000,N,N
2024-03-16,C037,남,20대,화장품,24000,N,N
2024-03-16,C039,남,20대,의류,135000,N,Y
2024-03-16,C068,여,30대,화장품,44000,Y,N
2024-03-16,C068,여,30대,화장품,81000,Y,Y
2024-03-16,C071,남,30대,가전,347000,N,Y
2024-03-16,C093,남,30대,식품,51000,N,N
2024-03-16,C118,여,40대,화장품,85000,N,Y
2024-03-16,C127,남,40대,가전,139000,N,N
2024-03-16,C149,남,40대,가전,67000,N,N
2024-03-16,C150,여,40대,화장품,76000,N,Y
2024-03-16,C158,여,50대,도서,8000,N,N
2024-03-16,C166,여,50대,가전,182000,N,N
2024-03-16,C177,남,50대,화장품,55000,N,Y
2024-03-16,C180,여,50대,의류,175000,N,Y
2024-03-16,C182,여,50대,의류,128000,Y,N
2024-03-16,C187,남,50대,의류,118000,N,N
2024-03-16,C198,여,50대,화장품,72000,Y,N
2024-03-16,C200,여,50대,의류,117000,N,Y
2024-03-17,C015,남,20대,가전,89000,Y,Y
2024-03-17,C046,여,20대,식품,12000,Y,Y
2024-03-17,C101,남,40대,식품,57000,N,N
2024-03-17,C102,여,40대,도서,22000,N,N
2024-03-17,C149,남,40대,의류,138000,Y,N
2024-03-17,C152,여,50대,화장품,104000,N,N
2024-03-17,C152,여,50대,의류,167000,N,N
2024-03-17,C170,여,50대,가전,109000,N,N
2024-03-17,C180,여,50대,화장품,40000,N,N
2024-03-17,C182,여,50대,식품,10000,N,Y
2024-03-17,C187,남,50대,가전,57000,N,N
2024-03-17,C194,여,50대,가전,192000,Y,N
2024-03-17,C199,남,50대,화장품,93000,Y,N
2024-03-18,C006,여,20대,의류,151000,N,Y
2024-03-18,C032,여,20대,가전,33000,N,Y
2024-03-18,C080,여,30대,의류,29000,N,Y
2024-03-18,C090,여,30대,식품,54000,N,N
2024-03-18,C110,여,40대,식품,23000,N,N
2024-03-18,C131,남,40대,식품,17000,N,Y
2024-03-18,C136,여,40대,식품,27000,N,N
2024-03-18,C137,남,40대,가전,197000,N,N
2024-03-18,C138,여,40대,의류,80000,Y,Y
2024-03-18,C143,남,40대,도서,11000,N,Y
2024-03-18,C161,남,50대,식품,9000,N,N
2024-03-18,C169,남,50대,식품,,N,N
2024-03-18,C179,남,50대,의류,133000,N,N
2024-03-19,C001,남,20대,가전,128000,N,N
2024-03-19,C015,남,20대,도서,29000,N,N
2024-03-19,C020,여,20대,가전,224000,N,Y
2024-03-19,C045,남,20대,화장품,79000,N,Y
2024-03-19,C053,남,30대,가전,223000,N,N
2024-03-19,C058,여,30대,식품,15000,N,Y
2024-03-19,C095,남,30대,가전,211000,N,Y
2024-03-19,C104,여,40대,의류,18000,Y,Y
2024-03-19,C107,남,40대,식품,24000,N,N
2024-03-19,C120,여,40대,의류,125000,N,Y
2024-03-19,C134,여,40대,식품,11000,N,N
2024-03-19,C145,남,40대,가전,308000,N,N
2024-03-19,C163,남,50대,의류,50000,N,N
2024-03-19,C170,여,50대,의류,,N,N
2024-03-19,C184,여,50대,의류,110000,N,N
2024-03-20,C004,여,20대,도서,23000,N,N
2024-03-20,C006,여,20대,의류,54000,Y,Y
2024-03-20,C016,여,20대,의류,74000,N,N
2024-03-20,C016,여,20대,의류,118000,Y,Y
2024-03-20,C029,남,20대,식품,39000,N,N
2024-03-20,C064,여,30대,식품,65000,N,Y
2024-03-20,C066,여,30대,가전,37000,N,Y
2024-03-20,C113,남,40대,식품,14000,N,N
2024-03-20,C146,여,40대,가전,237000,N,Y
2024-03-20,C168,여,50대,화장품,51000,N,N
2024-03-21,C007,남,20대,가전,105000,N,Y
2024-03-21,C041,남,20대,가전,304000,N,N
2024-03-21,C077,남,30대,가전,312000,N,Y
2024-03-21,C112,여,40대,도서,11000,N,Y
2024-03-21,C116,여,40대,가전,,N,Y
2024-03-21,C119,남,40대,화장품,96000,N,N
2024-03-21,C135,남,40대,화장품,99000,N,Y
2024-03-21,C147,남,40대,의류,139000,N,Y
2024-03-21,C158,여,50대,가전,288000,Y,N
2024-03-22,C011,남,20대,의류,84000,Y,N
2024-03-22,C012,여,20대,가전,301000,N,Y
2024-03-22,C031,남,20대,의류,34000,N,Y
2024-03-22,C056,여,30대,의류,105000,N,Y
2024-03-22,C085,남,30대,화장품,58000,N,Y
2024-03-22,C092,여,30대,가전,187000,N,N
2024-03-22,C104,여,40대,의류,77000,N,N
2024-03-22,C111,남,40대,식품,27000,N,Y
2024-03-22,C126,여,40대,의류,123000,N,Y
2024-03-22,C130,여,40대,식품,28000,N,Y
2024-03-22,C131,남,40대,가전,129000,N,N
2024-03-22,C140,여,40대,식품,68000,N,Y
2024-03-22,C142,여,40대,의류,158000,Y,Y
2024-03-22,C144,여,40대,화장품,,N,N
2024-03-22,C164,여,50대,화장품,77000,N,N
2024-03-22,C189,남,50대,도서,31000,N,N
2024-03-23,C040,여,20대,가전,244000,N,N
2024-03-23,C065,남,30대,화장품,17000,N,N
2024-03-23,C069,남,30대,식품,59000,N,N
2024-03-23,C083,남,30대,식품,47000,N,N
2024-03-23,C088,여,30대,도서,29000,N,Y
2024-03-23,C100,여,30대,식품,44000,N,Y
2024-03-23,C106,여,40대,가전,117000,N,Y
2024-03-23,C109,남,40대,의류,104000,N,N
2024-03-23,C156,여,50대,가전,114000,N,N
2024-03-23,C160,여,50대,가전,333000,N,Y
2024-03-23,C183,남,50대,식품,14000,N,N
2024-03-24,C007,남,20대,도서,21000,N,Y
2024-03-24,C018,여,20대,가전,94000,N,Y
2024-03-24,C025,남,20대,식품,18000,N,N
2024-03-24,C048,여,20대,식품,30000,Y,N
2024-03-24,C054,여,30대,가전,271000,N,Y
2024-03-24,C058,여,30대,식품,15000,N,Y
2024-03-24,C090,여,30대,화장품,76000,N,Y
2024-03-24,C105,남,40대,화장품,27000,N,N
2024-03-24,C109,남,40대,의류,42000,N,Y
2024-03-24,C123,남,40대,가전,310000,Y,Y
2024-03-24,C134,여,40대,가전,64000,N,N
2024-03-24,C196,여,50대,가전,211000,Y,N
2024-03-25,C021,남,20대,가전,270000,N,N
2024-03-25,C057,남,30대,의류,,Y,Y
2024-03-25,C058,여,30대,식품,28000,N,Y
2024-03-25,C067,남,30대,식품,63000,N,Y
2024-03-25,C091,남,30대,가전,77000,N,Y
2024-03-25,C103,남,40대,의류,115000,N,N
2024-03-25,C112,여,40대,식품,37000,N,N
2024-03-25,C132,여,40대,가전,99000,N,N
2024-03-25,C193,남,50대,식품,50000,N,N
2024-03-26,C004,여,20대,의류,120000,N,Y
2024-03-26,C014,여,20대,가전,41000,N,Y
2024-03-26,C044,여,20대,의류,166000,N,Y
2024-03-26,C053,남,30대,식품,52000,N,N
2024-03-26,C059,남,30대,식품,12000,N,Y
2024-03-26,C070,여,30대,식품,44000,N,Y
2024-03-26,C075,남,30대,식품,14000,N,N
2024-03-26,C076,여,30대,가전,46000,N,Y
2024-03-26,C096,여,30대,가전,60000,N,N
2024-03-26,C097,남,30대,의류,82000,Y,N
2024-03-26,C115,남,40대,의류,165000,N,Y
2024-03-26,C125,남,40대,식품,15000,N,Y
2024-03-26,C190,여,50대,의류,88000,Y,N
2024-03-26,C195,남,50대,의류,67000,Y,N
2024-03-27,C009,남,20대,가전,290000,N,N
2024-03-27,C024,여,20대,가전,,N,Y
2024-03-27,C087,남,30대,가전,244000,N,N
2024-03-27,C094,여,30대,화장품,41000,N,Y
2024-03-27,C157,남,50대,식품,60000,N,N
2024-03-27,C161,남,50대,가전,227000,N,N
2024-03-28,C059,남,30대,가전,210000,N,Y
2024-03-28,C143,남,40대,의류,175000,N,N
2024-03-28,C169,남,50대,식품,69000,N,N
2024-03-28,C169,남,50대,의류,147000,N,N
2024-03-28,C172,여,50대,가전,,N,N
2024-03-28,C178,여,50대,가전,98000,Y,Y
2024-03-28,C185,남,50대,식품,64000,N,Y
2024-03-28,C199,남,50대,도서,32000,N,Y
2024-03-29,C006,여,20대,가전,160000,N,Y
2024-03-29,C026,여,20대,식품,65000,N,Y
2024-03-29,C035,남,20대,화장품,,N,Y
2024-03-29,C047,남,20대,가전,42000,N,Y
2024-03-29,C063,남,30대,가전,53000,N,Y
2024-03-29,C078,여,30대,가전,67000,N,Y
2024-03-29,C121,남,40대,가전,140000,N,N
2024-03-29,C192,여,50대,가전,31000,N,N
2024-03-30,C025,남,20대,식품,65000,N,N
2024-03-30,C038,여,20대,의류,150000,N,N
2024-03-30,C060,여,30대,의류,94000,Y,N
2024-03-30,C067,남,30대,의류,152000,N,Y
2024-03-30,C138,여,40대,가전,320000,N,Y
2024-03-30,C155,남,50대,도서,29000,N,N
2024-03-30,C174,여,50대,식품,12000,N,N
2024-03-30,C179,남,50대,의류,149000,N,N
2024-03-31,C054,여,30대,의류,140000,N,Y
2024-03-31,C061,남,30대,도서,15000,N,Y
2024-03-31,C070,여,30대,식품,25000,N,Y
2024-03-31,C083,남,30대,가전,,N,Y
2024-03-31,C091,남,30대,가전,192000,N,N
2024-03-31,C093,남,30대,가전,299000,N,Y
2024-03-31,C099,남,30대,의류,160000,N,Y
2024-03-31,C129,남,40대,식품,55000,N,N
2024-03-31,C153,남,50대,의류,78000,Y,N
2024-03-31,C176,여,50대,식품,64000,N,Y
2024-03-31,C195,남,50대,가전,245000,N,Y
2024-04-01,C023,남,20대,의류,164000,N,Y
2024-04-01,C048,여,20대,화장품,21000,N,N
2024-04-01,C079,남,30대,의류,28000,N,N
2024-04-01,C110,여,40대,의류,115000,N,N
2024-04-01,C144,여,40대,도서,,N,Y
2024-04-01,C148,여,40대,의류,40000,N,N
2024-04-01,C170,여,50대,식품,50000,N,N
2024-04-01,C185,남,50대,식품,51000,N,Y
2024-04-02,C001,남,20대,가전,290000,N,N
2024-04-02,C029,남,20대,의류,72000,Y,N
2024-04-02,C038,여,20대,의류,98000,N,N
2024-04-02,C039,남,20대,가전,141000,N,N
2024-04-02,C069,남,30대,의류,61000,N,Y
2024-04-02,C106,여,40대,화장품,23000,N,N
2024-04-02,C156,여,50대,도서,28000,N,N
2024-04-03,C021,남,20대,의류,128000,N,N
2024-04-03,C030,여,20대,식품,47000,N,N
2024-04-03,C090,여,30대,식품,36000,N,Y
2024-04-03,C116,여,40대,의류,36000,N,N
2024-04-03,C131,남,40대,가전,53000,N,Y
2024-04-04,C042,여,20대,의류,150000,N,Y
2024-04-04,C047,남,20대,화장품,61000,N,N
2024-04-04,C049,남,20대,식품,56000,N,N
2024-04-04,C076,여,30대,화장품,77000,N,Y
2024-04-04,C103,남,40대,화장품,72000,N,N
2024-04-04,C115,남,40대,식품,62000,Y,Y
2024-04-04,C120,여,40대,식품,44000,Y,N
2024-04-04,C134,여,40대,화장품,37000,N,Y
2024-04-04,C148,여,40대,식품,21000,N,Y
2024-04-04,C167,남,50대,의류,80000,N,N
2024-04-04,C194,여,50대,식품,62000,N,N
2024-04-05,C003,남,20대,가전,212000,N,N
2024-04-05,C031,남,20대,식품,17000,N,N
2024-04-05,C050,여,20대,화장품,35000,Y,N
2024-04-05,C073,남,30대,의류,31000,Y,N
2024-04-05,C087,남,30대,도서,17000,N,N
2024-04-05,C105,남,40대,의류,55000,Y,N
2024-04-05,C114,여,40대,가전,345000,N,N
2024-04-05,C123,남,40대,화장품,,Y,N
2024-04-05,C124,여,40대,화장품,50000,N,Y
2024-04-05,C159,남,50대,의류,154000,N,N
2024-04-05,C197,남,50대,의류,27000,N,N
2024-04-05,C199,남,50대,식품,29000,N,N
2024-04-06,C054,여,30대,화장품,,N,N
2024-04-06,C060,여,30대,화장품,62000,Y,Y
2024-04-06,C089,남,30대,화장품,25000,N,N
2024-04-06,C093,남,30대,식품,61000,N,Y
2024-04-06,C100,여,30대,의류,21000,N,N
2024-04-06,C103,남,40대,가전,93000,N,N
2024-04-06,C107,남,40대,가전,222000,N,N
2024-04-06,C164,여,50대,도서,28000,N,Y
2024-04-06,C165,남,50대,화장품,19000,N,N
2024-04-06,C165,남,50대,의류,47000,Y,Y
2024-04-06,C166,여,50대,식품,63000,N,Y
2024-04-06,C184,여,50대,의류,26000,N,N
2024-04-07,C015,남,20대,화장품,39000,N,Y
2024-04-07,C026,여,20대,의류,24000,N,N
2024-04-07,C037,남,20대,도서,27000,N,N
2024-04-07,C048,여,20대,가전,87000,Y,N
2024-04-07,C052,여,30대,식품,5000,Y,Y
2024-04-07,C054,여,30대,화장품,26000,N,Y
2024-04-07,C071,남,30대,가전,52000,N,N
2024-04-07,C104,여,40대,가전,31000,N,N
2024-04-07,C117,남,40대,의류,117000,N,Y
2024-04-07,C150,여,40대,화장품,20000,N,Y
2024-04-07,C172,여,50대,의류,,N,N
2024-04-08,C023,남,20대,화장품,49000,N,Y
2024-04-08,C041,남,20대,식품,15000,N,N
2024-04-08,C057,남,30대,식품,68000,N,Y
2024-04-08,C098,여,30대,의류,116000,N,Y
2024-04-08,C103,남,40대,가전,282000,N,N
2024-04-08,C111,남,40대,화장품,31000,N,Y
2024-04-08,C150,여,40대,화장품,33000,N,N
2024-04-08,C161,남,50대,의류,51000,Y,Y
2024-04-08,C174,여,50대,의류,,Y,Y
2024-04-08,C193,남,50대,식품,15000,N,Y
2024-04-08,C199,남,50대,화장품,114000,N,N
2024-04-09,C011,남,20대,식품,60000,N,N
2024-04-09,C018,여,20대,화장품,107000,N,Y
2024-04-09,C036,여,20대,도서,26000,N,N
2024-04-09,C061,남,30대,의류,26000,Y,Y
2024-04-09,C098,여,30대,화장품,36000,N,Y
2024-04-09,C102,여,40대,화장품,52000,N,N
2024-04-09,C109,남,40대,의류,79000,N,N
2024-04-09,C129,남,40대,가전,37000,N,Y
2024-04-09,C178,여,50대,도서,18000,N,N
2024-04-10,C108,여,40대,의류,180000,N,N
2024-04-10,C115,남,40대,도서,15000,N,N
2024-04-10,C116,여,40대,의류,131000,N,Y
2024-04-10,C118,여,40대,가전,297000,Y,N
2024-04-10,C120,여,40대,의류,30000,N,N
2024-04-10,C139,남,40대,가전,285000,N,Y
2024-04-10,C151,남,50대,의류,29000,N,N
2024-04-10,C154,여,50대,가전,330000,N,N
2024-04-10,C156,여,50대,의류,40000,N,N
2024-04-10,C189,남,50대,의류,53000,N,N
2024-04-10,C195,남,50대,의류,105000,N,N
2024-04-10,C198,여,50대,가전,256000,Y,Y
2024-04-11,C013,남,20대,식품,,N,Y
2024-04-11,C016,여,20대,식품,10000,N,Y
2024-04-11,C022,여,20대,화장품,36000,N,Y
2024-04-11,C044,여,20대,화장품,90000,N,N
2024-04-11,C065,남,30대,화장품,97000,N,N
2024-04-11,C092,여,30대,화장품,21000,Y,N
2024-04-11,C096,여,30대,가전,,N,N
2024-04-11,C101,남,40대,도서,27000,N,N
2024-04-11,C121,남,40대,도서,23000,N,Y
2024-04-11,C177,남,50대,화장품,75000,N,N
2024-04-11,C193,남,50대,가전,335000,Y,N
2024-04-11,C197,남,50대,화장품,76000,N,N
2024-04-12,C004,여,20대,의류,42000,Y,Y
2024-04-12,C014,여,20대,의류,147000,N,N
2024-04-12,C045,남,20대,도서,18000,N,Y
2024-04-12,C061,남,30대,의류,100000,N,N
2024-04-12,C064,여,30대,의류,167000,Y,Y
2024-04-12,C074,여,30대,가전,219000,N,Y
2024-04-12,C077,남,30대,화장품,14000,N,N
2024-04-12,C094,여,30대,식품,16000,N,N
2024-04-12,C128,여,40대,화장품,40000,N,Y
2024-04-12,C133,남,40대,의류,175000,Y,Y
2024-04-12,C137,남,40대,식품,11000,N,N
2024-04-12,C159,남,50대,도서,20000,N,N
2024-04-12,C176,여,50대,가전,284000,N,N
2024-04-12,C179,남,50대,화장품,18000,N,N
2024-04-12,C195,남,50대,화장품,52000,N,N
2024-04-13,C034,여,20대,화장품,12000,N,N
2024-04-13,C043,남,20대,식품,28000,N,Y
2024-04-13,C062,여,30대,화장품,18000,N,Y
2024-04-13,C072,여,30대,도서,30000,N,Y
2024-04-13,C101,남,40대,의류,70000,N,N
2024-04-13,C106,여,40대,의류,70000,N,N
2024-04-13,C133,남,40대,화장품,33000,N,Y
2024-04-13,C143,남,40대,가전,349000,N,N
2024-04-13,C144,여,40대,도서,22000,N,Y
2024-04-13,C166,여,50대,식품,,N,Y
2024-04-14,C016,여,20대,의류,31000,Y,Y
2024-04-14,C044,여,20대,식품,68000,Y,Y
2024-04-14,C047,남,20대,식품,28000,N,N
2024-04-14,C109,남,40대,화장품,30000,N,Y
2024-04-14,C122,여,40대,가전,64000,N,Y
2024-04-14,C134,여,40대,도서,,N,Y
2024-04-14,C163,남,50대,화장품,64000,N,N
2024-04-14,C186,여,50대,식품,66000,N,Y
2024-04-15,C078,여,30대,화장품,94000,N,Y
2024-04-15,C097,남,30대,식품,52000,N,N
2024-04-15,C100,여,30대,의류,62000,Y,Y
2024-04-15,C159,남,50대,가전,320000,N,N
2024-04-15,C163,남,50대,도서,11000,N,N
2024-04-15,C184,여,50대,화장품,74000,N,N
2024-04-16,C019,남,20대,의류,42000,N,N
2024-04-16,C032,여,20대,가전,274000,N,Y
2024-04-16,C046,여,20대,식품,45000,N,N
2024-04-16,C051,남,30대,의류,102000,N,N
2024-04-16,C051,남,30대,도서,,N,N
2024-04-16,C066,여,30대,의류,92000,N,Y
2024-04-16,C085,남,30대,도서,16000,N,Y
2024-04-16,C139,남,40대,식품,5000,N,N
2024-04-16,C149,남,40대,가전,308000,N,N
2024-04-16,C157,남,50대,화장품,77000,N,Y
2024-04-16,C160,여,50대,화장품,90000,N,N
2024-04-16,C161,남,50대,화장품,77000,N,N
2024-04-16,C162,여,50대,의류,47000,N,Y
2024-04-16,C191,남,50대,가전,311000,N,N
2024-04-17,C011,남,20대,식품,11000,N,Y
2024-04-17,C014,여,20대,의류,86000,N,Y
2024-04-17,C022,여,20대,의류,109000,N,Y
2024-04-17,C030,여,20대,도서,21000,N,Y
2024-04-17,C049,남,20대,의류,129000,N,N
2024-04-17,C065,남,30대,도서,14000,N,Y
2024-04-17,C075,남,30대,의류,89000,N,N
2024-04-17,C112,여,40대,식품,23000,N,Y
2024-04-17,C117,남,40대,의류,54000,N,N
2024-04-17,C195,남,50대,식품,12000,N,N
2024-04-18,C074,여,30대,의류,173000,N,Y
2024-04-18,C167,남,50대,화장품,11000,Y,Y
2024-04-18,C188,여,50대,가전,90000,N,N
2024-04-19,C010,여,20대,의류,21000,N,N
2024-04-19,C034,여,20대,가전,92000,N,Y
2024-04-19,C070,여,30대,화장품,41000,N,Y
2024-04-19,C083,남,30대,의류,33000,N,N
2024-04-19,C090,여,30대,의류,134000,N,N
2024-04-19,C141,남,40대,의류,20000,N,Y
2024-04-19,C169,남,50대,가전,111000,N,N
2024-04-19,C175,남,50대,식품,58000,N,Y
2024-04-19,C194,여,50대,의류,115000,N,N
2024-04-20,C054,여,30대,도서,15000,N,N
2024-04-20,C075,남,30대,식품,52000,N,N
2024-04-20,C136,여,40대,가전,200000,N,Y
2024-04-20,C164,여,50대,의류,159000,N,N
2024-04-21,C005,남,20대,의류,171000,N,N
2024-04-21,C009,남,20대,의류,,N,N
2024-04-21,C029,남,20대,화장품,11000,N,N
2024-04-21,C035,남,20대,가전,72000,N,Y
2024-04-21,C052,여,30대,도서,11000,N,N
2024-04-21,C070,여,30대,의류,81000,N,N
2024-04-21,C075,남,30대,화장품,48000,Y,N
2024-04-21,C077,남,30대,화장품,56000,N,Y
2024-04-21,C082,여,30대,가전,278000,N,N
2024-04-21,C084,여,30대,의류,,Y,Y
2024-04-21,C089,남,30대,의류,80000,N,N
2024-04-21,C125,남,40대,화장품,14000,N,Y
2024-04-21,C128,여,40대,화장품,110000,N,Y
2024-04-21,C140,여,40대,식품,36000,N,N
2024-04-21,C141,남,40대,화장품,86000,N,N
2024-04-21,C171,남,50대,의류,75000,Y,N
2024-04-22,C022,여,20대,화장품,59000,Y,N
2024-04-22,C028,여,20대,의류,116000,Y,Y
2024-04-22,C033,남,20대,의류,146000,N,N
2024-04-22,C043,남,20대,식품,15000,N,N
2024-04-22,C062,여,30대,식품,10000,N,Y
2024-04-22,C088,여,30대,식품,51000,N,Y
2024-04-22,C130,여,40대,가전,,N,Y
2024-04-22,C153,남,50대,화장품,86000,N,N
2024-04-22,C180,여,50대,식품,33000,N,N
2024-04-22,C182,여,50대,도서,22000,N,N
2024-04-22,C183,남,50대,식품,27000,N,Y
2024-04-22,C186,여,50대,화장품,46000,N,N
2024-04-23,C017,남,20대,가전,175000,N,N
2024-04-23,C053,남,30대,의류,167000,N,N
2024-04-23,C064,여,30대,식품,69000,N,Y
2024-04-23,C072,여,30대,도서,10000,N,N
2024-04-23,C090,여,30대,의류,97000,N,N
2024-04-23,C115,남,40대,화장품,,N,Y
2024-04-23,C176,여,50대,식품,37000,N,N
2024-04-23,C192,여,50대,의류,133000,N,N
2024-04-24,C005,남,20대,의류,48000,Y,N
2024-04-24,C013,남,20대,의류,113000,Y,N
2024-04-24,C058,여,30대,가전,280000,N,N
2024-04-24,C106,여,40대,가전,112000,N,N
2024-04-24,C135,남,40대,화장품,19000,N,Y
2024-04-24,C164,여,50대,식품,9000,N,Y
2024-04-24,C171,남,50대,의류,170000,N,N
2024-04-24,C179,남,50대,식품,41000,N,N
2024-04-25,C039,남,20대,의류,110000,N,Y
2024-04-25,C041,남,20대,의류,47000,Y,N
2024-04-25,C058,여,30대,가전,268000,N,Y
2024-04-25,C066,여,30대,도서,15000,N,Y
2024-04-25,C082,여,30대,화장품,,N,Y
2024-04-25,C173,남,50대,식품,49000,N,N
2024-04-25,C178,여,50대,식품,7000,N,N
2024-04-26,C020,여,20대,의류,48000,N,Y
2024-04-26,C036,여,20대,의류,52000,N,N
2024-04-26,C107,남,40대,화장품,17000,N,N
2024-04-26,C113,남,40대,화장품,36000,N,Y
2024-04-26,C140,여,40대,가전,343000,N,N
2024-04-26,C155,남,50대,화장품,98000,Y,N
2024-04-26,C163,남,50대,가전,320000,N,N
2024-04-27,C041,남,20대,의류,117000,N,N
2024-04-27,C093,남,30대,의류,76000,N,Y
2024-04-27,C144,여,40대,식품,52000,N,Y
2024-04-27,C172,여,50대,식품,42000,N,N
2024-04-27,C176,여,50대,식품,31000,N,Y
2024-04-28,C055,남,30대,화장품,40000,N,N
2024-04-28,C067,남,30대,화장품,87000,N,Y
2024-04-28,C132,여,40대,가전,299000,N,Y
2024-04-28,C146,여,40대,화장품,81000,N,Y
2024-04-28,C160,여,50대,화장품,59000,Y,Y
2024-04-28,C185,남,50대,가전,292000,N,N
2024-04-29,C002,여,20대,의류,128000,N,Y
2024-04-29,C008,여,20대,의류,19000,N,N
2024-04-29,C024,여,20대,식품,36000,N,Y
2024-04-29,C031,남,20대,화장품,80000,Y,N
2024-04-29,C099,남,30대,도서,9000,N,N
2024-04-29,C127,남,40대,가전,309000,Y,N
2024-04-29,C136,여,40대,가전,83000,N,N
2024-04-29,C147,남,40대,의류,,N,N
2024-04-29,C168,여,50대,식품,50000,N,N
2024-04-29,C200,여,50대,의류,89000,N,N
2024-04-30,C040,여,20대,식품,14000,N,Y
2024-04-30,C042,여,20대,의류,47000,N,N
2024-04-30,C059,남,30대,화장품,56000,Y,N
2024-05-01,C005,남,20대,식품,53000,N,N
2024-05-01,C051,남,30대,식품,60000,N,Y
2024-05-01,C083,남,30대,의류,35000,Y,Y
2024-05-01,C088,여,30대,화장품,55000,N,N
2024-05-01,C099,남,30대,화장품,80000,N,Y
2024-05-01,C142,여,40대,의류,84000,Y,N
2024-05-01,C144,여,40대,의류,106000,Y,N
2024-05-01,C198,여,50대,가전,177000,N,N
2024-05-02,C016,여,20대,화장품,105000,N,Y
2024-05-02,C041,남,20대,식품,27000,N,N
2024-05-02,C105,남,40대,의류,52000,Y,N
2024-05-02,C117,남,40대,가전,189000,N,N
2024-05-02,C141,남,40대,의류,154000,N,Y
2024-05-03,C017,남,20대,의류,76000,Y,N
2024-05-03,C052,여,30대,가전,300000,N,N
2024-05-03,C064,여,30대,가전,203000,N,Y
2024-05-03,C081,남,30대,의류,172000,Y,Y
2024-05-03,C160,여,50대,가전,297000,N,Y
2024-05-03,C189,남,50대,가전,100000,N,N
2024-05-03,C194,여,50대,화장품,39000,N,Y
2024-05-03,C195,남,50대,화장품,33000,N,N
2024-05-04,C028,여,20대,가전,86000,N,N
2024-05-04,C114,여,40대,식품,49000,N,Y
2024-05-04,C140,여,40대,화장품,86000,N,Y
2024-05-04,C177,남,50대,화장품,88000,N,N
2024-05-04,C177,남,50대,가전,217000,N,Y
2024-05-05,C010,여,20대,가전,343000,N,Y
2024-05-05,C010,여,20대,의류,177000,N,Y
2024-05-05,C021,남,20대,의류,97000,N,N
2024-05-05,C046,여,20대,식품,28000,N,Y
2024-05-05,C056,여,30대,의류,134000,N,Y
2024-05-05,C102,여,40대,식품,24000,N,N
2024-05-05,C107,남,40대,의류,128000,N,N
2024-05-05,C113,남,40대,가전,238000,Y,Y
2024-05-05,C127,남,40대,도서,18000,N,Y
2024-05-05,C139,남,40대,가전,307000,N,N
2024-05-05,C159,남,50대,식품,51000,N,N
2024-05-06,C016,여,20대,의류,36000,N,Y
2024-05-06,C035,남,20대,의류,46000,N,N
2024-05-06,C040,여,20대,식품,43000,N,Y
2024-05-06,C071,남,30대,의류,175000,N,N
2024-05-06,C111,남,40대,식품,35000,N,N
2024-05-06,C142,여,40대,식품,70000,N,N
2024-05-06,C162,여,50대,화장품,73000,N,N
2024-05-06,C171,남,50대,의류,78000,Y,N
2024-05-06,C188,여,50대,가전,231000,N,Y
2024-05-06,C188,여,50대,도서,,N,N
2024-05-07,C080,여,30대,의류,148000,N,Y
2024-05-07,C147,남,40대,가전,228000,N,N
2024-05-07,C171,남,50대,의류,61000,Y,N
2024-05-07,C172,여,50대,화장품,62000,Y,N
2024-05-08,C059,남,30대,화장품,53000,N,N
2024-05-08,C066,여,30대,가전,165000,N,Y
2024-05-08,C075,남,30대,화장품,57000,N,N
2024-05-08,C085,남,30대,도서,26000,N,N
2024-05-08,C091,남,30대,화장품,36000,N,N
2024-05-08,C106,여,40대,가전,83000,N,Y
2024-05-08,C124,여,40대,도서,10000,N,N
2024-05-08,C132,여,40대,의류,125000,Y,Y
2024-05-08,C145,남,40대,의류,105000,N,N
2024-05-08,C169,남,50대,가전,187000,Y,N
2024-05-08,C175,남,50대,의류,65000,N,N
2024-05-08,C199,남,50대,의류,44000,Y,N
2024-05-09,C022,여,20대,도서,29000,N,N
2024-05-09,C043,남,20대,식품,39000,N,N
2024-05-09,C047,남,20대,가전,209000,N,Y
2024-05-09,C089,남,30대,의류,32000,N,N
2024-05-09,C119,남,40대,식품,35000,N,Y
2024-05-09,C134,여,40대,도서,30000,N,N
2024-05-09,C134,여,40대,식품,19000,N,Y
2024-05-09,C151,남,50대,식품,62000,N,Y
2024-05-09,C159,남,50대,가전,87000,N,N
2024-05-09,C181,남,50대,가전,74000,N,N
2024-05-10,C001,남,20대,의류,62000,N,Y
2024-05-10,C012,여,20대,도서,23000,Y,Y
2024-05-10,C026,여,20대,화장품,66000,N,Y
2024-05-10,C065,남,30대,의류,115000,N,N
2024-05-10,C073,남,30대,도서,20000,N,Y
2024-05-10,C160,여,50대,화장품,77000,N,Y
2024-05-10,C182,여,50대,의류,,Y,N
2024-05-10,C200,여,50대,의류,22000,N,N
2024-05-11,C015,남,20대,가전,157000,N,Y
2024-05-11,C032,여,20대,식품,11000,N,Y
2024-05-11,C057,남,30대,도서,,N,N
2024-05-11,C101,남,40대,가전,324000,N,N
2024-05-11,C129,남,40대,의류,96000,N,N
2024-05-11,C140,여,40대,의류,148000,N,N
2024-05-11,C178,여,50대,도서,8000,N,N
2024-05-11,C180,여,50대,가전,328000,Y,N
2024-05-11,C193,남,50대,가전,248000,N,Y
2024-05-12,C076,여,30대,도서,19000,N,Y
2024-05-12,C130,여,40대,의류,54000,N,N
2024-05-12,C149,남,40대,의류,107000,N,Y
2024-05-12,C154,여,50대,의류,137000,Y,N
2024-05-12,C200,여,50대,화장품,42000,N,N
2024-05-13,C014,여,20대,화장품,68000,N,Y
2024-05-13,C064,여,30대,가전,290000,N,Y
2024-05-13,C096,여,30대,도서,,N,Y
2024-05-13,C109,남,40대,도서,16000,N,N
2024-05-13,C152,여,50대,의류,29000,Y,N
2024-05-13,C159,남,50대,식품,61000,N,N
2024-05-13,C166,여,50대,도서,19000,N,N
2024-05-13,C186,여,50대,도서,18000,N,N
2024-05-13,C189,남,50대,가전,,N,N
2024-05-14,C039,남,20대,식품,9000,N,N
2024-05-14,C189,남,50대,의류,99000,N,N
2024-05-14,C195,남,50대,의류,120000,N,N
2024-05-15,C040,여,20대,도서,10000,N,N
2024-05-15,C121,남,40대,의류,134000,Y,N
2024-05-15,C125,남,40대,가전,97000,N,Y
2024-05-15,C144,여,40대,식품,5000,N,N
2024-05-15,C160,여,50대,도서,22000,Y,Y
2024-05-15,C196,여,50대,화장품,106000,N,N
2024-05-16,C011,남,20대,식품,10000,N,N
2024-05-16,C027,남,20대,의류,36000,N,N
2024-05-16,C059,남,30대,의류,164000,N,N
2024-05-16,C077,남,30대,식품,69000,N,Y
2024-05-16,C103,남,40대,도서,26000,N,N
2024-05-16,C122,여,40대,식품,57000,N,Y
2024-05-16,C122,여,40대,식품,70000,N,Y
2024-05-16,C140,여,40대,식품,20000,N,N
2024-05-16,C156,여,50대,의류,96000,N,Y
2024-05-16,C157,남,50대,가전,,N,Y
2024-05-16,C163,남,50대,의류,138000,Y,N
2024-05-17,C007,남,20대,화장품,65000,N,Y
2024-05-17,C041,남,20대,의류,108000,Y,N
2024-05-17,C045,남,20대,식품,33000,N,N
2024-05-17,C054,여,30대,식품,67000,N,Y
2024-05-17,C072,여,30대,식품,53000,N,Y
2024-05-17,C108,여,40대,가전,315000,N,Y
2024-05-17,C118,여,40대,식품,24000,N,Y
2024-05-17,C161,남,50대,가전,233000,N,N
2024-05-17,C172,여,50대,화장품,74000,N,Y
2024-05-18,C058,여,30대,화장품,96000,N,N
2024-05-18,C079,남,30대,가전,,N,Y
2024-05-18,C153,남,50대,가전,275000,N,Y
2024-05-18,C155,남,50대,식품,56000,N,N
2024-05-18,C183,남,50대,의류,126000,N,N
2024-05-19,C029,남,20대,화장품,37000,N,N
2024-05-19,C095,남,30대,도서,,N,N
2024-05-19,C103,남,40대,화장품,55000,N,Y
2024-05-19,C105,남,40대,의류,,N,N
2024-05-19,C147,남,40대,식품,64000,N,N
2024-05-19,C153,남,50대,화장품,103000,Y,N
2024-05-19,C165,남,50대,도서,20000,N,N
2024-05-20,C035,남,20대,의류,111000,N,N
2024-05-20,C036,여,20대,의류,119000,N,Y
2024-05-20,C112,여,40대,식품,34000,N,N
2024-05-20,C135,남,40대,의류,91000,N,N
2024-05-20,C136,여,40대,화장품,85000,N,Y
2024-05-20,C143,남,40대,도서,26000,N,Y
2024-05-21,C013,남,20대,도서,16000,N,N
2024-05-21,C020,여,20대,화장품,103000,N,N
2024-05-21,C026,여,20대,의류,41000,Y,N
2024-05-21,C032,여,20대,가전,41000,N,N
2024-05-21,C051,남,30대,가전,162000,N,Y
2024-05-21,C059,남,30대,식품,7000,N,Y
2024-05-21,C074,여,30대,의류,46000,N,Y
2024-05-21,C090,여,30대,화장품,108000,N,Y
2024-05-21,C096,여,30대,가전,89000,N,Y
2024-05-21,C126,여,40대,가전,,N,N
2024-05-21,C186,여,50대,화장품,51000,N,N
2024-05-21,C190,여,50대,의류,178000,N,N
2024-05-22,C030,여,20대,가전,247000,N,Y
2024-05-22,C070,여,30대,식품,57000,N,N
2024-05-22,C094,여,30대,가전,55000,N,N
2024-05-22,C145,남,40대,의류,,Y,Y
2024-05-22,C179,남,50대,의류,56000,N,N
2024-05-22,C184,여,50대,의류,144000,N,N
2024-05-22,C199,남,50대,의류,73000,Y,N
2024-05-23,C048,여,20대,화장품,40000,N,N
2024-05-23,C063,남,30대,의류,42000,N,N
2024-05-23,C098,여,30대,식품,47000,N,N
2024-05-23,C104,여,40대,의류,124000,N,N
2024-05-23,C114,여,40대,도서,14000,N,Y
2024-05-23,C139,남,40대,식품,41000,N,Y
2024-05-24,C024,여,20대,가전,122000,N,Y
2024-05-24,C042,여,20대,의류,158000,N,Y
2024-05-24,C057,남,30대,의류,,N,N
2024-05-24,C074,여,30대,식품,31000,N,N
2024-05-24,C086,여,30대,의류,72000,N,Y
2024-05-24,C102,여,40대,도서,20000,N,Y
2024-05-24,C119,남,40대,의류,161000,N,N
2024-05-24,C185,남,50대,도서,,N,N
2024-05-25,C013,남,20대,의류,28000,N,Y
2024-05-25,C013,남,20대,화장품,66000,N,N
2024-05-25,C017,남,20대,화장품,43000,N,N
2024-05-25,C034,여,20대,화장품,23000,Y,Y
2024-05-25,C038,여,20대,가전,277000,N,Y
2024-05-25,C050,여,20대,가전,315000,N,N
2024-05-25,C077,남,30대,식품,37000,N,N
2024-05-25,C119,남,40대,화장품,83000,N,N
2024-05-25,C124,여,40대,의류,47000,Y,N
2024-05-25,C137,남,40대,가전,330000,N,N
2024-05-25,C150,여,40대,식품,28000,N,Y
2024-05-26,C036,여,20대,화장품,113000,N,N
2024-05-26,C109,남,40대,의류,112000,Y,Y
2024-05-26,C113,남,40대,화장품,77000,N,N
2024-05-26,C146,여,40대,식품,29000,N,N
2024-05-26,C192,여,50대,화장품,20000,N,Y
2024-05-27,C041,남,20대,도서,19000,N,N
2024-05-27,C086,여,30대,의류,97000,N,N
2024-05-27,C120,여,40대,화장품,81000,N,Y
2024-05-27,C167,남,50대,가전,70000,N,Y
2024-05-28,C008,여,20대,의류,18000,N,N
2024-05-28,C067,남,30대,도서,27000,N,Y
2024-05-28,C091,남,30대,화장품,104000,N,Y
2024-05-28,C100,여,30대,화장품,61000,N,Y
2024-05-28,C101,남,40대,가전,174000,N,N
2024-05-28,C126,여,40대,가전,291000,N,N
2024-05-28,C128,여,40대,의류,23000,N,N
2024-05-28,C132,여,40대,식품,51000,N,Y
2024-05-28,C169,남,50대,식품,63000,N,N
2024-05-29,C006,여,20대,도서,23000,N,N
2024-05-29,C010,여,20대,가전,255000,N,N
2024-05-29,C031,남,20대,가전,186000,N,N
2024-05-29,C055,남,30대,의류,179000,Y,Y
2024-05-29,C060,여,30대,의류,,Y,Y
2024-05-29,C133,남,40대,의류,78000,N,N
2024-05-29,C133,남,40대,화장품,61000,Y,Y
2024-05-29,C163,남,50대,가전,345000,N,N
2024-05-29,C164,여,50대,식품,55000,N,Y
2024-05-29,C187,남,50대,의류,81000,N,N
2024-05-30,C018,여,20대,가전,201000,Y,Y
2024-05-30,C023,남,20대,식품,51000,N,Y
2024-05-30,C062,여,30대,식품,61000,N,Y
2024-05-30,C082,여,30대,식품,5000,N,N
2024-05-30,C092,여,30대,식품,14000,N,N
2024-05-30,C115,남,40대,가전,147000,N,Y
2024-05-31,C012,여,20대,도서,17000,N,N
2024-05-31,C014,여,20대,의류,23000,N,N
2024-05-31,C015,남,20대,화장품,95000,N,Y
2024-05-31,C037,남,20대,화장품,88000,N,N
2024-05-31,C084,여,30대,화장품,81000,N,Y
2024-05-31,C094,여,30대,화장품,113000,N,N
2024-05-31,C110,여,40대,화장품,115000,N,N
2024-05-31,C133,남,40대,식품,62000,N,Y
2024-05-31,C170,여,50대,의류,79000,N,Y
2024-05-31,C173,남,50대,의류,30000,Y,N
2024-05-31,C180,여,50대,가전,235000,Y,Y
2024-05-31,C187,남,50대,식품,37000,N,N
2024-05-31,C190,여,50대,의류,140000,N,N
2024-05-31,C197,남,50대,의류,122000,N,N
2024-06-01,C007,남,20대,화장품,70000,N,Y
2024-06-01,C028,여,20대,화장품,114000,N,Y
2024-06-01,C038,여,20대,가전,132000,N,Y
2024-06-01,C041,남,20대,의류,125000,N,N
2024-06-01,C052,여,30대,가전,122000,N,Y
2024-06-01,C067,남,30대,화장품,30000,N,Y
2024-06-01,C069,남,30대,화장품,64000,N,Y
2024-06-01,C075,남,30대,가전,103000,N,N
2024-06-01,C087,남,30대,식품,10000,N,N
2024-06-01,C097,남,30대,화장품,21000,N,N
2024-06-01,C098,여,30대,의류,140000,N,Y
2024-06-01,C099,남,30대,화장품,61000,Y,N
2024-06-01,C100,여,30대,도서,31000,N,Y
2024-06-01,C107,남,40대,의류,108000,Y,Y
2024-06-02,C024,여,20대,의류,84000,N,Y
2024-06-02,C026,여,20대,가전,223000,N,N
2024-06-02,C032,여,20대,의류,124000,N,Y
2024-06-02,C037,남,20대,화장품,,N,Y
2024-06-02,C072,여,30대,도서,14000,N,Y
2024-06-02,C109,남,40대,가전,129000,N,N
2024-06-02,C111,남,40대,의류,73000,N,Y
2024-06-02,C111,남,40대,가전,278000,N,N
2024-06-02,C139,남,40대,도서,23000,N,N
2024-06-02,C152,여,50대,도서,20000,N,N
2024-06-02,C194,여,50대,의류,166000,N,N
2024-06-02,C196,여,50대,식품,13000,N,Y
2024-06-02,C197,남,50대,화장품,37000,N,N
2024-06-03,C012,여,20대,가전,104000,N,Y
2024-06-03,C120,여,40대,가전,330000,N,N
2024-06-03,C126,여,40대,의류,73000,N,Y
2024-06-03,C141,남,40대,가전,164000,N,Y
2024-06-03,C173,남,50대,화장품,105000,N,N
2024-06-04,C016,여,20대,가전,139000,N,N
2024-06-04,C027,남,20대,가전,216000,Y,N
2024-06-04,C063,남,30대,화장품,73000,N,Y
2024-06-04,C064,여,30대,가전,273000,N,N
2024-06-04,C078,여,30대,가전,96000,N,Y
2024-06-04,C099,남,30대,화장품,61000,N,N
2024-06-04,C114,여,40대,의류,166000,N,Y
2024-06-04,C116,여,40대,의류,33000,N,Y
2024-06-04,C117,남,40대,도서,12000,N,N
2024-06-04,C140,여,40대,도서,19000,N,N
2024-06-04,C169,남,50대,도서,15000,N,N
2024-06-04,C175,남,50대,의류,39000,Y,N
2024-06-05,C030,여,20대,식품,36000,N,N
2024-06-05,C069,남,30대,식품,49000,N,N
2024-06-05,C103,남,40대,가전,178000,N,N
2024-06-05,C129,남,40대,의류,46000,N,Y
2024-06-05,C134,여,40대,식품,53000,N,Y
2024-06-05,C137,남,40대,식품,26000,N,Y
2024-06-05,C140,여,40대,의류,21000,N,N
2024-06-05,C153,남,50대,가전,309000,N,N
2024-06-05,C159,남,50대,식품,,N,N
2024-06-05,C160,여,50대,가전,289000,N,Y
2024-06-05,C162,여,50대,화장품,118000,Y,N
2024-06-05,C190,여,50대,가전,212000,N,Y
2024-06-05,C192,여,50대,가전,286000,N,N
2024-06-06,C020,여,20대,가전,52000,N,N
2024-06-06,C071,남,30대,화장품,11000,Y,Y
2024-06-06,C074,여,30대,가전,105000,N,Y
2024-06-06,C104,여,40대,의류,68000,N,N
2024-06-06,C158,여,50대,의류,112000,N,N
2024-06-07,C006,여,20대,가전,267000,N,N
2024-06-07,C047,남,20대,의류,48000,N,N
2024-06-07,C065,남,30대,의류,69000,N,Y
2024-06-07,C085,남,30대,가전,227000,Y,N
2024-06-07,C096,여,30대,가전,293000,N,N
2024-06-07,C104,여,40대,도서,17000,N,N
2024-06-07,C108,여,40대,식품,69000,N,N
2024-06-07,C145,남,40대,화장품,64000,N,N
2024-06-07,C151,남,50대,식품,35000,N,N
2024-06-07,C172,여,50대,식품,35000,N,N
2024-06-08,C002,여,20대,의류,,Y,N
2024-06-08,C042,여,20대,가전,135000,N,Y
2024-06-08,C047,남,20대,의류,108000,Y,N
2024-06-08,C049,남,20대,가전,49000,N,Y
2024-06-08,C062,여,30대,도서,10000,N,Y
2024-06-08,C066,여,30대,식품,57000,N,Y
2024-06-08,C085,남,30대,가전,298000,N,Y
2024-06-08,C112,여,40대,식품,18000,N,N
2024-06-08,C136,여,40대,가전,301000,N,Y
2024-06-08,C145,남,40대,화장품,54000,N,N
2024-06-08,C153,남,50대,화장품,43000,Y,N
2024-06-08,C184,여,50대,의류,21000,N,N
2024-06-09,C008,여,20대,가전,53000,N,Y
2024-06-09,C083,남,30대,화장품,64000,N,Y
2024-06-09,C084,여,30대,화장품,32000,N,Y
2024-06-09,C131,남,40대,의류,69000,N,Y
2024-06-09,C164,여,50대,가전,308000,N,Y
2024-06-09,C165,남,50대,의류,94000,N,N
2024-06-09,C194,여,50대,가전,121000,N,N
2024-06-10,C025,남,20대,식품,31000,N,Y
2024-06-10,C028,여,20대,가전,,N,N
2024-06-10,C063,남,30대,화장품,22000,N,Y
2024-06-10,C067,남,30대,식품,52000,N,Y
2024-06-10,C125,남,40대,식품,19000,N,N
2024-06-10,C161,남,50대,도서,30000,N,N
2024-06-10,C162,여,50대,가전,53000,N,N
2024-06-10,C181,남,50대,도서,20000,N,Y
2024-06-11,C071,남,30대,도서,25000,N,N
2024-06-11,C093,남,30대,의류,98000,N,Y
2024-06-11,C103,남,40대,식품,26000,N,Y
2024-06-11,C105,남,40대,가전,52000,N,N
2024-06-11,C154,여,50대,화장품,36000,Y,Y
2024-06-11,C179,남,50대,가전,104000,N,Y
2024-06-11,C182,여,50대,화장품,48000,N,N
2024-06-11,C191,남,50대,가전,142000,N,N
2024-06-12,C032,여,20대,화장품,112000,N,N
2024-06-12,C041,남,20대,의류,64000,Y,N
2024-06-12,C048,여,20대,화장품,71000,N,N
2024-06-12,C050,여,20대,화장품,36000,N,Y
2024-06-12,C054,여,30대,의류,,N,Y
2024-06-12,C068,여,30대,도서,17000,N,Y
2024-06-12,C073,남,30대,화장품,61000,N,N
2024-06-12,C075,남,30대,의류,151000,Y,N
2024-06-12,C106,여,40대,화장품,,N,Y
2024-06-12,C108,여,40대,가전,269000,N,N
2024-06-12,C154,여,50대,도서,13000,N,Y
2024-06-12,C186,여,50대,화장품,67000,N,N
2024-06-12,C191,남,50대,의류,135000,N,N
2024-06-12,C196,여,50대,의류,89000,N,Y
2024-06-13,C019,남,20대,가전,245000,N,N
2024-06-13,C053,남,30대,의류,75000,Y,N
2024-06-13,C070,여,30대,화장품,21000,N,Y
2024-06-13,C098,여,30대,도서,28000,N,Y
2024-06-13,C127,남,40대,가전,176000,N,N
2024-06-13,C147,남,40대,화장품,36000,N,N
2024-06-13,C151,남,50대,식품,17000,N,N
2024-06-13,C166,여,50대,가전,301000,N,Y
2024-06-13,C188,여,50대,도서,23000,N,Y
2024-06-14,C005,남,20대,도서,14000,N,Y
2024-06-14,C035,남,20대,가전,267000,N,N
2024-06-14,C087,남,30대,의류,114000,N,N
2024-06-14,C122,여,40대,가전,175000,N,Y
2024-06-14,C127,남,40대,의류,26000,Y,Y
2024-06-14,C163,남,50대,화장품,73000,N,N
2024-06-14,C185,남,50대,의류,125000,N,N
2024-06-15,C055,남,30대,화장품,,N,Y
2024-06-15,C067,남,30대,가전,203000,N,Y
2024-06-15,C118,여,40대,의류,175000,N,Y
2024-06-15,C147,남,40대,화장품,36000,N,N
2024-06-15,C195,남,50대,식품,67000,N,N
2024-06-16,C003,남,20대,가전,75000,N,N
2024-06-16,C003,남,20대,식품,16000,N,Y
2024-06-16,C018,여,20대,식품,,N,N
2024-06-16,C026,여,20대,식품,,N,N
2024-06-16,C038,여,20대,화장품,68000,N,Y
2024-06-16,C043,남,20대,의류,48000,N,Y
2024-06-16,C050,여,20대,가전,155000,N,Y
2024-06-16,C057,남,30대,화장품,99000,N,Y
2024-06-16,C065,남,30대,가전,104000,N,N
2024-06-16,C072,여,30대,의류,86000,Y,Y
2024-06-16,C073,남,30대,의류,99000,N,Y
2024-06-16,C132,여,40대,의류,105000,N,Y
2024-06-16,C144,여,40대,식품,57000,N,N
2024-06-16,C152,여,50대,도서,16000,N,Y
2024-06-17,C001,남,20대,가전,210000,N,Y
2024-06-17,C010,여,20대,식품,42000,N,N
2024-06-17,C018,여,20대,의류,41000,N,N
2024-06-17,C021,남,20대,식품,48000,N,Y
2024-06-17,C051,남,30대,식품,66000,N,Y
2024-06-17,C077,남,30대,화장품,56000,N,Y
2024-06-17,C082,여,30대,의류,156000,Y,N
2024-06-17,C083,남,30대,가전,173000,N,N
2024-06-17,C086,여,30대,식품,54000,N,N
2024-06-17,C091,남,30대,의류,98000,N,N
2024-06-17,C115,남,40대,식품,49000,N,N
2024-06-17,C121,남,40대,도서,22000,N,Y
2024-06-17,C143,남,40대,도서,22000,N,N
2024-06-17,C173,남,50대,가전,91000,N,N
2024-06-17,C176,여,50대,화장품,79000,N,N
2024-06-17,C188,여,50대,식품,29000,N,Y
2024-06-17,C192,여,50대,가전,,N,N
2024-06-18,C027,남,20대,가전,229000,N,N
2024-06-18,C043,남,20대,가전,291000,N,N
2024-06-18,C058,여,30대,가전,321000,N,Y
2024-06-18,C189,남,50대,식품,26000,N,N
2024-06-19,C014,여,20대,가전,68000,N,N
2024-06-19,C055,남,30대,가전,149000,Y,N
2024-06-19,C056,여,30대,가전,209000,Y,Y
2024-06-19,C076,여,30대,의류,134000,N,N
2024-06-19,C089,남,30대,의류,19000,N,Y
2024-06-19,C130,여,40대,식품,36000,N,Y
2024-06-19,C135,남,40대,의류,58000,N,N
2024-06-19,C148,여,40대,화장품,81000,N,N
2024-06-19,C155,남,50대,화장품,109000,N,Y
2024-06-19,C169,남,50대,의류,53000,N,N
2024-06-20,C002,여,20대,가전,96000,N,N
2024-06-20,C007,남,20대,화장품,18000,Y,N
2024-06-20,C033,남,20대,식품,10000,N,N
2024-06-20,C149,남,40대,식품,5000,N,N
2024-06-20,C157,남,50대,식품,69000,N,N
2024-06-20,C181,남,50대,의류,58000,N,N
2024-06-20,C198,여,50대,가전,86000,N,N
2024-06-21,C023,남,20대,식품,64000,N,N
2024-06-21,C034,여,20대,의류,16000,Y,N
2024-06-21,C039,남,20대,의류,,N,Y
2024-06-21,C058,여,30대,의류,39000,N,Y
2024-06-21,C080,여,30대,식품,49000,N,Y
2024-06-21,C082,여,30대,화장품,18000,N,N
2024-06-21,C128,여,40대,화장품,37000,N,N
2024-06-21,C130,여,40대,의류,178000,Y,Y
2024-06-21,C165,남,50대,도서,31000,N,N
2024-06-21,C179,남,50대,화장품,79000,Y,N
2024-06-22,C015,남,20대,가전,73000,N,N
2024-06-22,C086,여,30대,의류,109000,N,Y
2024-06-22,C091,남,30대,의류,116000,N,Y
2024-06-22,C095,남,30대,의류,70000,N,Y
2024-06-22,C104,여,40대,도서,21000,N,Y
2024-06-22,C126,여,40대,식품,67000,N,Y
2024-06-22,C148,여,40대,가전,54000,N,N
2024-06-22,C159,남,50대,식품,17000,N,N
2024-06-23,C025,남,20대,의류,22000,N,N
2024-06-23,C077,남,30대,화장품,117000,N,Y
2024-06-23,C135,남,40대,식품,51000,N,N
2024-06-23,C139,남,40대,식품,31000,N,N
2024-06-23,C180,여,50대,식품,,N,N
2024-06-23,C189,남,50대,화장품,33000,N,Y
2024-06-23,C199,남,50대,의류,128000,N,N
2024-06-24,C013,남,20대,화장품,91000,N,N
2024-06-24,C027,남,20대,의류,22000,N,Y
2024-06-24,C090,여,30대,의류,75000,N,Y
2024-06-24,C094,여,30대,화장품,43000,Y,Y
2024-06-24,C110,여,40대,화장품,22000,N,N
2024-06-24,C146,여,40대,의류,44000,N,N
2024-06-24,C163,남,50대,의류,124000,N,N
2024-06-24,C178,여,50대,의류,21000,N,N
2024-06-24,C183,남,50대,식품,36000,N,N
2024-06-24,C190,여,50대,가전,53000,N,Y
2024-06-25,C036,여,20대,의류,116000,N,Y
2024-06-25,C036,여,20대,의류,119000,N,N
2024-06-25,C044,여,20대,화장품,91000,N,N
2024-06-25,C059,남,30대,의류,51000,N,Y
2024-06-25,C079,남,30대,도서,31000,N,Y
2024-06-25,C113,남,40대,식품,62000,N,N
2024-06-25,C124,여,40대,의류,130000,N,N
2024-06-25,C126,여,40대,의류,123000,N,N
2024-06-25,C132,여,40대,식품,19000,N,N
2024-06-25,C162,여,50대,가전,155000,N,N
2024-06-26,C020,여,20대,식품,46000,N,N
2024-06-26,C082,여,30대,의류,57000,Y,N
2024-06-26,C100,여,30대,화장품,107000,N,Y
2024-06-26,C119,남,40대,식품,17000,N,N
2024-06-26,C133,남,40대,식품,12000,N,N
2024-06-26,C133,남,40대,가전,106000,N,N
2024-06-26,C174,여,50대,도서,10000,N,Y
2024-06-26,C198,여,50대,식품,49000,N,N
2024-06-26,C200,여,50대,도서,16000,N,Y
2024-06-27,C002,여,20대,가전,168000,N,Y
2024-06-27,C029,남,20대,화장품,55000,N,N
2024-06-27,C039,남,20대,도서,17000,N,N
2024-06-27,C092,여,30대,가전,243000,N,Y
2024-06-27,C101,남,40대,식품,15000,N,Y
2024-06-27,C102,여,40대,가전,263000,N,Y
2024-06-27,C105,남,40대,화장품,111000,Y,N
2024-06-27,C108,여,40대,의류,99000,N,Y
2024-06-27,C131,남,40대,의류,23000,N,N
2024-06-27,C143,남,40대,식품,21000,N,N
2024-06-27,C150,여,40대,의류,68000,N,N
2024-06-27,C156,여,50대,가전,288000,N,N
2024-06-27,C165,남,50대,가전,73000,N,N
2024-06-27,C185,남,50대,의류,167000,N,N
2024-06-27,C199,남,50대,도서,16000,N,Y
2024-06-28,C014,여,20대,가전,265000,N,Y
2024-06-28,C023,남,20대,가전,,N,Y
2024-06-28,C040,여,20대,도서,31000,N,N
2024-06-28,C046,여,20대,식품,43000,N,Y
2024-06-28,C061,남,30대,식품,23000,N,Y
2024-06-28,C066,여,30대,의류,50000,Y,N
2024-06-28,C078,여,30대,가전,240000,N,N
2024-06-28,C107,남,40대,의류,46000,Y,N
2024-06-28,C160,여,50대,화장품,45000,N,N
2024-06-28,C168,여,50대,의류,172000,N,N
2024-06-28,C182,여,50대,의류,177000,N,Y
2024-06-28,C193,남,50대,의류,60000,Y,Y
2024-06-29,C007,남,20대,의류,85000,N,N
2024-06-29,C074,여,30대,화장품,38000,N,Y
2024-06-29,C102,여,40대,식품,19000,N,Y
2024-06-29,C114,여,40대,의류,73000,N,Y
2024-06-29,C118,여,40대,가전,342000,N,N
2024-06-29,C122,여,40대,의류,166000,N,Y
2024-06-29,C125,남,40대,가전,282000,N,N
2024-06-29,C150,여,40대,가전,165000,N,N
2024-06-29,C170,여,50대,의류,99000,N,N
2024-06-29,C187,남,50대,식품,13000,N,N
2024-06-29,C195,남,50대,도서,25000,N,N
2024-06-30,C013,남,20대,식품,,N,N
2024-06-30,C054,여,30대,가전,,N,N
2024-06-30,C056,여,30대,의류,32000,Y,N
2024-06-30,C078,여,30대,가전,260000,N,Y
2024-06-30,C081,남,30대,가전,141000,N,N
2024-06-30,C170,여,50대,화장품,111000,N,N
